Time (s),Sample #,Channel A (V)
0.511310,0,0.020295
0.511374,1,0.020295
0.511380,2,-0.023652
0.511389,3,-0.023652
0.511392,4,0.020295
0.511395,5,0.020295
0.511397,6,-0.023652
0.511400,7,0.020295
0.511403,8,0.020295
0.511406,9,0.020295
0.511531,10,-0.023652
0.511538,11,0.020295
0.511541,12,0.020295
0.511543,13,0.020295
0.511546,14,0.020295
0.511548,15,0.020295
0.511551,16,0.020295
0.511553,17,-0.023652
0.511556,18,0.020295
0.511558,19,0.020295
0.511561,20,-0.023652
0.511563,21,0.020295
0.511566,22,0.020295
0.511568,23,0.020295
0.511571,24,0.020295
0.511573,25,-0.023652
0.511576,26,-0.023652
0.511579,27,-0.023652
0.511582,28,0.020295
0.511584,29,0.020295
0.511586,30,-0.023652
0.511589,31,-0.023652
0.511591,32,-0.023652
0.511594,33,0.020295
0.511596,34,0.020295
0.511599,35,0.020295
0.511601,36,-0.023652
0.511604,37,0.020295
0.511606,38,0.020295
0.511608,39,0.020295
0.511610,40,-0.023652
0.511613,41,-0.023652
0.511616,42,-0.023652
0.511618,43,0.020295
0.511620,44,0.020295
0.511623,45,0.020295
0.511625,46,0.020295
0.511627,47,-0.023652
0.511630,48,0.020295
0.511632,49,0.020295
0.511635,50,-0.023652
0.511637,51,-0.023652
0.511639,52,0.020295
0.511642,53,0.020295
0.511644,54,-0.023652
0.511647,55,-0.023652
0.511649,56,-0.023652
0.511651,57,-0.023652
0.511654,58,0.020295
0.511656,59,0.020295
0.511659,60,-0.023652
0.511661,61,0.020295
0.511663,62,-0.023652
0.511666,63,-0.023652
0.511668,64,0.020295
0.511671,65,0.020295
0.511673,66,-0.023652
0.511675,67,-0.023652
0.511678,68,0.020295
0.511680,69,0.020295
0.511683,70,-0.023652
0.511685,71,0.020295
0.511687,72,-0.023652
0.511690,73,0.020295
0.511692,74,0.020295
0.511695,75,0.020295
0.511697,76,0.020295
0.511699,77,0.020295
0.511702,78,0.020295
0.511704,79,0.020295
0.511706,80,-0.023652
0.511709,81,-0.023652
0.511711,82,-0.023652
0.511713,83,0.020295
0.511715,84,0.020295
0.511718,85,0.020295
0.511720,86,-0.023652
0.511722,87,-0.023652
0.511725,88,0.020295
0.511727,89,0.020295
0.511729,90,-0.023652
0.511732,91,-0.023652
0.511734,92,-0.023652
0.511737,93,-0.023652
0.511739,94,0.020295
0.511741,95,0.020295
0.511743,96,0.020295
0.511746,97,0.020295
0.511748,98,0.020295
0.511750,99,0.020295
0.511752,100,0.020295
0.511755,101,-0.023652
0.511757,102,0.020295
0.511759,103,0.020295
0.511762,104,0.020295
0.511764,105,0.020295
0.511766,106,0.020295
0.511768,107,0.020295
0.511771,108,0.020295
0.511773,109,-0.023652
0.511775,110,-0.023652
0.511778,111,0.020295
0.511780,112,-0.023652
0.511782,113,0.020295
0.511784,114,0.020295
0.511787,115,-0.023652
0.511789,116,0.020295
0.511791,117,0.020295
0.511794,118,0.020295
0.511796,119,0.020295
0.511798,120,0.020295
0.511800,121,0.020295
0.511803,122,0.020295
0.511805,123,-0.023652
0.511807,124,-0.023652
0.511810,125,0.020295
0.511813,126,0.020295
0.511815,127,0.020295
0.511817,128,0.020295
0.511819,129,0.020295
0.511822,130,-0.023652
0.511824,131,0.020295
0.511826,132,-0.023652
0.511829,133,-0.023652
0.511831,134,-0.023652
0.511833,135,0.020295
0.511835,136,0.020295
0.511838,137,-0.023652
0.511840,138,-0.023652
0.511843,139,0.020295
0.511845,140,0.020295
0.511847,141,-0.023652
0.511850,142,0.020295
0.511852,143,0.020295
0.511854,144,0.020295
0.511856,145,0.020295
0.511859,146,0.020295
0.511861,147,0.020295
0.511863,148,-0.023652
0.511865,149,0.020295
0.511868,150,-0.023652
0.511870,151,-0.023652
0.511872,152,-0.023652
0.511875,153,0.020295
0.511877,154,0.020295
0.511879,155,0.020295
0.511881,156,-0.023652
0.511884,157,0.020295
0.511886,158,-0.023652
0.511889,159,0.020295
0.511891,160,-0.023652
0.511893,161,0.020295
0.511895,162,0.020295
0.511898,163,-0.023652
0.511900,164,0.020295
0.511902,165,-0.023652
0.511905,166,-0.023652
0.511907,167,0.020295
0.511910,168,-0.023652
0.511912,169,0.020295
0.511914,170,0.020295
0.511916,171,-0.023652
0.511919,172,0.020295
0.511921,173,0.020295
0.511923,174,0.020295
0.511926,175,0.020295
0.511928,176,0.020295
0.511930,177,0.020295
0.511933,178,0.020295
0.511935,179,-0.023652
0.511937,180,0.020295
0.511940,181,0.020295
0.511942,182,-0.023652
0.511945,183,0.020295
0.511947,184,0.020295
0.511949,185,-0.023652
0.511952,186,-0.023652
0.511954,187,-0.023652
0.511956,188,-0.023652
0.511959,189,-0.023652
0.511961,190,0.020295
0.511963,191,-0.023652
0.511966,192,-0.023652
0.511968,193,-0.023652
0.511970,194,0.020295
0.511973,195,-0.023652
0.511975,196,0.020295
0.511977,197,0.020295
0.511980,198,0.020295
0.511982,199,0.020295
0.511984,200,0.020295
0.511987,201,0.020295
0.511989,202,0.020295
0.511991,203,-0.023652
0.511993,204,0.020295
0.512025,205,-0.023652
0.512027,206,0.020295
0.512030,207,0.020295
0.512032,208,-0.023652
0.512035,209,-0.023652
0.512037,210,-0.023652
0.512039,211,0.020295
0.512042,212,-0.023652
0.512044,213,-0.023652
0.512046,214,0.020295
0.512049,215,-0.023652
0.512051,216,0.020295
0.512054,217,-0.023652
0.512056,218,0.020295
0.512058,219,0.020295
0.512061,220,-0.023652
0.512063,221,-0.023652
0.512065,222,-0.023652
0.512068,223,-0.023652
0.512070,224,0.020295
0.512073,225,0.020295
0.512075,226,0.020295
0.512077,227,-0.023652
0.512080,228,-0.023652
0.512082,229,0.020295
0.512086,230,-0.023652
0.512090,231,-0.023652
0.512093,232,0.020295
0.512095,233,-0.023652
0.512098,234,0.020295
0.512100,235,0.020295
0.512103,236,0.020295
0.512105,237,-0.023652
0.512107,238,-0.023652
0.512110,239,0.020295
0.512112,240,-0.023652
0.512114,241,0.020295
0.512117,242,0.020295
0.512119,243,0.020295
0.512121,244,0.020295
0.512125,245,-0.023652
0.512128,246,-0.023652
0.512131,247,0.020295
0.512135,248,0.020295
0.512138,249,-0.023652
0.512141,250,-0.023652
0.512144,251,-0.023652
0.512147,252,0.020295
0.512150,253,-0.023652
0.512154,254,0.020295
0.512157,255,-0.023652
0.512160,256,0.020295
0.512163,257,-0.023652
0.512166,258,-0.023652
0.512170,259,-0.023652
0.512173,260,-0.023652
0.512176,261,-0.023652
0.512179,262,-0.023652
0.512182,263,0.020295
0.512185,264,0.020295
0.512189,265,0.020295
0.512192,266,0.020295
0.512195,267,-0.023652
0.512198,268,0.020295
0.512201,269,-0.023652
0.512205,270,0.020295
0.512208,271,-0.023652
0.512211,272,-0.023652
0.512214,273,-0.023652
0.512217,274,0.020295
0.512220,275,0.020295
0.512224,276,0.020295
0.512227,277,-0.023652
0.512230,278,0.020295
0.512233,279,-0.023652
0.512236,280,-0.023652
0.512239,281,0.020295
0.512243,282,-0.023652
0.512246,283,0.020295
0.512249,284,-0.023652
0.512252,285,0.020295
0.512255,286,-0.023652
0.512258,287,-0.023652
0.512262,288,-0.023652
0.512265,289,0.020295
0.512268,290,0.020295
0.512271,291,-0.023652
0.512274,292,0.020295
0.512277,293,0.020295
0.512280,294,0.020295
0.512283,295,0.020295
0.512286,296,0.020295
0.512289,297,0.020295
0.512292,298,0.020295
0.512295,299,0.020295
0.512298,300,-0.023652
0.512302,301,0.020295
0.512305,302,0.020295
0.512308,303,-0.023652
0.512311,304,0.020295
0.512314,305,0.020295
0.512317,306,-0.023652
0.512320,307,0.020295
0.512324,308,-0.023652
0.512327,309,0.020295
0.512330,310,-0.023652
0.512333,311,0.020295
0.512336,312,-0.023652
0.512339,313,0.020295
0.512343,314,0.020295
0.512346,315,0.020295
0.512349,316,-0.023652
0.512352,317,0.020295
0.512355,318,0.020295
0.512358,319,0.020295
0.512361,320,0.020295
0.512364,321,-0.023652
0.512367,322,0.020295
0.512370,323,-0.023652
0.512374,324,-0.023652
0.512377,325,-0.023652
0.512380,326,-0.023652
0.512383,327,0.020295
0.512387,328,-0.023652
0.512390,329,0.020295
0.512393,330,-0.023652
0.512396,331,0.020295
0.512399,332,0.020295
0.512402,333,-0.023652
0.512406,334,0.020295
0.512409,335,-0.023652
0.512412,336,0.020295
0.512415,337,0.020295
0.512418,338,0.020295
0.512421,339,-0.023652
0.512424,340,0.020295
0.512427,341,-0.023652
0.512431,342,0.020295
0.512434,343,0.020295
0.512437,344,0.020295
0.512440,345,-0.023652
0.512443,346,-0.023652
0.512446,347,-0.023652
0.512450,348,0.020295
0.512453,349,-0.023652
0.512456,350,-0.023652
0.512459,351,-0.023652
0.512462,352,-0.023652
0.512465,353,0.020295
0.512468,354,0.020295
0.512472,355,-0.023652
0.512475,356,-0.023652
0.512478,357,0.020295
0.512481,358,0.020295
0.512484,359,-0.023652
0.512487,360,-0.023652
0.512490,361,0.020295
0.512494,362,-0.023652
0.512497,363,0.020295
0.512500,364,0.020295
0.512503,365,0.020295
0.512506,366,-0.023652
0.512510,367,0.020295
0.512513,368,0.020295
0.512516,369,-0.023652
0.512519,370,-0.023652
0.512809,371,-0.023652
0.512812,372,-0.023652
0.512816,373,-0.023652
0.512819,374,-0.023652
0.512822,375,0.020295
0.512825,376,0.020295
0.512828,377,0.020295
0.512831,378,-0.023652
0.512835,379,0.020295
0.512838,380,0.020295
0.512841,381,-0.023652
0.512844,382,0.020295
0.512847,383,0.020295
0.512850,384,0.020295
0.512854,385,0.020295
0.575695,386,-0.023652
0.575720,387,-0.023652
0.575723,388,-0.023652
0.575724,389,0.020295
0.575726,390,-0.023652
0.575728,391,-0.023652
0.575730,392,0.020295
0.575731,393,-0.023652
0.575733,394,0.020295
0.575735,395,0.020295
0.575736,396,0.020295
0.575738,397,-0.023652
0.575740,398,0.020295
0.575741,399,-0.023652
0.575743,400,0.020295
0.575745,401,-0.023652
0.575746,402,-0.023652
0.575748,403,0.020295
0.575750,404,-0.023652
0.575752,405,-0.023652
0.575753,406,-0.023652
0.575755,407,-0.023652
0.575757,408,0.020295
0.575759,409,-0.023652
0.575761,410,-0.023652
0.575762,411,-0.023652
0.575764,412,-0.023652
0.575766,413,-0.023652
0.575768,414,-0.023652
0.575770,415,-0.023652
0.575771,416,-0.023652
0.575773,417,-0.023652
0.575774,418,0.020295
0.575776,419,0.020295
0.575778,420,0.020295
0.575779,421,0.020295
0.575780,422,-0.023652
0.575782,423,0.020295
0.575783,424,-0.023652
0.575785,425,0.020295
0.575786,426,0.020295
0.575788,427,0.020295
0.575789,428,0.020295
0.575790,429,0.020295
0.575791,430,-0.023652
0.575792,431,0.020295
0.575793,432,-0.023652
0.575794,433,0.020295
0.575795,434,-0.023652
0.575797,435,0.020295
0.575797,436,0.020295
0.575799,437,0.020295
0.575800,438,0.020295
0.575801,439,0.020295
0.575802,440,0.020295
0.575803,441,-0.023652
0.575805,442,0.020295
0.575806,443,0.020295
0.575807,444,0.020295
0.575808,445,0.020295
0.575809,446,-0.023652
0.575810,447,-0.023652
0.575811,448,0.020295
0.575812,449,0.020295
0.575813,450,-0.023652
0.575814,451,0.020295
0.575815,452,0.020295
0.575816,453,0.020295
0.575817,454,-0.023652
0.575818,455,-0.023652
0.575819,456,0.020295
0.575820,457,0.020295
0.575821,458,-0.023652
0.575823,459,0.020295
0.575824,460,-0.023652
0.575825,461,0.020295
0.575826,462,0.020295
0.575827,463,0.020295
0.575828,464,0.020295
0.575829,465,0.020295
0.575830,466,0.020295
0.575831,467,-0.023652
0.575832,468,0.020295
0.575833,469,-0.023652
0.575834,470,-0.023652
0.575835,471,-0.023652
0.575836,472,0.020295
0.575837,473,0.020295
0.575839,474,-0.023652
0.575840,475,0.020295
0.575841,476,-0.023652
0.575842,477,0.020295
0.575843,478,0.020295
0.575844,479,-0.023652
0.575845,480,-0.023652
0.575846,481,0.020295
0.575847,482,0.020295
0.575848,483,0.020295
0.575849,484,0.020295
0.575850,485,-0.023652
0.639021,486,-0.023652
0.639053,487,0.020295
0.639057,488,0.020295
0.639060,489,-0.023652
0.639063,490,-0.023652
0.639065,491,-0.023652
0.639068,492,0.020295
0.639071,493,-0.023652
0.639073,494,-0.023652
0.639076,495,-0.023652
0.639078,496,0.020295
0.639081,497,0.020295
0.639083,498,0.020295
0.639086,499,-0.023652
0.639088,500,-0.023652
0.639090,501,-0.023652
0.639093,502,-0.023652
0.639095,503,-0.023652
0.639098,504,0.020295
0.639100,505,-0.023652
0.639102,506,0.020295
0.639105,507,-0.023652
0.639107,508,0.020295
0.639110,509,-0.023652
0.639112,510,-0.023652
0.639115,511,-0.023652
0.639117,512,-0.023652
0.639120,513,0.020295
0.639122,514,-0.023652
0.639125,515,-0.023652
0.639128,516,-0.023652
0.639130,517,0.020295
0.639132,518,0.020295
0.639135,519,0.020295
0.639137,520,-0.023652
0.639139,521,0.020295
0.639142,522,0.020295
0.639144,523,0.020295
0.639146,524,-0.023652
0.639149,525,-0.023652
0.639151,526,0.020295
0.639154,527,0.020295
0.639156,528,0.020295
0.639158,529,0.020295
0.639161,530,-0.023652
0.639163,531,-0.023652
0.639165,532,-0.023652
0.639168,533,0.020295
0.639170,534,0.020295
0.639173,535,0.020295
0.697804,536,-0.023652
0.697822,537,0.020295
0.697826,538,0.020295
0.697829,539,-0.023652
0.697832,540,0.020295
0.697835,541,-0.023652
0.697837,542,-0.023652
0.697840,543,0.020295
0.697842,544,0.020295
0.697845,545,0.020295
0.697847,546,0.020295
0.697850,547,0.020295
0.697852,548,-0.023652
0.697855,549,0.020295
0.697857,550,0.020295
0.697860,551,-0.023652
0.697862,552,-0.023652
0.697865,553,0.020295
0.697867,554,-0.023652
0.697870,555,0.020295
0.697872,556,0.020295
0.697874,557,0.020295
0.697876,558,0.020295
0.697879,559,-0.023652
0.697881,560,0.020295
0.697883,561,-0.023652
0.697886,562,0.020295
0.697888,563,0.020295
0.697890,564,0.020295
0.697893,565,-0.023652
0.697895,566,-0.023652
0.697898,567,-0.023652
0.697900,568,0.020295
0.697902,569,-0.023652
0.697905,570,0.020295
0.697907,571,-0.023652
0.697909,572,0.020295
0.697912,573,-0.023652
0.697914,574,-0.023652
0.697916,575,-0.023652
0.697919,576,0.020295
0.697921,577,0.020295
0.697923,578,0.020295
0.697926,579,0.020295
0.697928,580,0.020295
0.697930,581,-0.023652
0.697933,582,0.020295
0.697935,583,0.020295
0.697937,584,0.020295
0.697940,585,0.020295
0.764235,586,0.020295
0.764292,587,-0.023652
0.764297,588,0.020295
0.764300,589,0.020295
0.764303,590,-0.023652
0.764306,591,0.020295
0.764309,592,0.020295
0.764311,593,-0.023652
0.764314,594,-0.023652
0.764316,595,-0.023652
0.764319,596,0.020295
0.764321,597,-0.023652
0.764324,598,0.020295
0.764326,599,-0.023652
0.764328,600,0.020295
0.764331,601,0.020295
0.764333,602,0.020295
0.764336,603,0.020295
0.764338,604,0.020295
0.764340,605,0.020295
0.764343,606,-0.023652
0.764346,607,-0.023652
0.764348,608,-0.023652
0.764351,609,0.020295
0.764353,610,0.020295
0.764355,611,-0.023652
0.764358,612,0.020295
0.764360,613,0.020295
0.764363,614,-0.023652
0.764366,615,0.020295
0.764368,616,0.020295
0.764371,617,0.020295
0.764373,618,0.020295
0.764376,619,0.020295
0.764378,620,0.020295
0.764380,621,-0.023652
0.764383,622,0.020295
0.764385,623,0.020295
0.764387,624,0.020295
0.764389,625,0.020295
0.764392,626,-0.023652
0.764394,627,-0.023652
0.764396,628,0.020295
0.764399,629,-0.023652
0.764401,630,0.020295
0.764404,631,-0.023652
0.764406,632,-0.023652
0.764409,633,0.020295
0.764411,634,0.020295
0.764413,635,-0.023652
0.764416,636,-0.023652
0.764418,637,-0.023652
0.764421,638,0.020295
0.764423,639,0.020295
0.764425,640,-0.023652
0.764428,641,0.020295
0.764430,642,0.020295
0.764433,643,-0.023652
0.764435,644,0.020295
0.764438,645,0.020295
0.764440,646,-0.023652
0.764443,647,0.020295
0.764446,648,0.020295
0.764448,649,-0.023652
0.764450,650,-0.023652
0.764453,651,0.020295
0.764455,652,0.020295
0.764457,653,0.020295
0.764459,654,0.020295
0.764462,655,-0.023652
0.764464,656,0.020295
0.764466,657,0.020295
0.764469,658,0.020295
0.764471,659,-0.023652
0.764473,660,-0.023652
0.764475,661,0.020295
0.764478,662,-0.023652
0.764480,663,0.020295
0.764482,664,-0.023652
0.764485,665,-0.023652
0.764488,666,-0.023652
0.764490,667,-0.023652
0.764492,668,0.020295
0.764495,669,0.020295
0.764497,670,-0.023652
0.764499,671,0.020295
0.764502,672,-0.023652
0.764504,673,-0.023652
0.764507,674,-0.023652
0.764509,675,-0.023652
0.764512,676,0.020295
0.764514,677,0.020295
0.764516,678,0.020295
0.764518,679,-0.023652
0.764521,680,0.020295
0.764523,681,0.020295
0.764525,682,0.020295
0.764528,683,-0.023652
0.764530,684,0.020295
0.764533,685,0.020295
0.831060,686,-0.023652
0.831116,687,-0.023652
0.831121,688,0.020295
0.831124,689,-0.023652
0.831128,690,-0.023652
0.831130,691,0.020295
0.831133,692,-0.023652
0.831136,693,-0.023652
0.831138,694,0.020295
0.831141,695,-0.023652
0.831144,696,0.020295
0.831146,697,0.020295
0.831148,698,0.020295
0.831151,699,0.020295
0.831153,700,0.020295
0.831155,701,0.020295
0.831158,702,0.020295
0.831160,703,0.020295
0.831163,704,-0.023652
0.831165,705,0.020295
0.831168,706,0.020295
0.831170,707,0.020295
0.831173,708,-0.023652
0.831175,709,0.020295
0.831178,710,-0.023652
0.831181,711,0.020295
0.831183,712,0.020295
0.831186,713,-0.023652
0.831188,714,0.020295
0.831190,715,0.020295
0.831193,716,-0.023652
0.831195,717,0.020295
0.831198,718,0.020295
0.831200,719,0.020295
0.831202,720,0.020295
0.831205,721,0.020295
0.831208,722,-0.023652
0.831210,723,-0.023652
0.831213,724,0.020295
0.831215,725,-0.023652
0.831218,726,-0.023652
0.831220,727,-0.023652
0.831223,728,0.020295
0.831225,729,-0.023652
0.831228,730,0.020295
0.831230,731,-0.023652
0.831233,732,0.020295
0.831235,733,-0.023652
0.831238,734,-0.023652
0.831240,735,0.020295
0.895635,736,0.020295
0.895692,737,0.020295
0.895696,738,-0.023652
0.895700,739,0.020295
0.895703,740,-0.023652
0.895706,741,-0.023652
0.895709,742,-0.023652
0.895711,743,0.020295
0.895714,744,0.020295
0.895717,745,0.020295
0.895719,746,-0.023652
0.895722,747,0.020295
0.895724,748,-0.023652
0.895727,749,0.020295
0.895730,750,0.020295
0.895732,751,-0.023652
0.895735,752,-0.023652
0.895737,753,-0.023652
0.895740,754,-0.023652
0.895742,755,0.020295
0.895745,756,0.020295
0.895747,757,0.020295
0.895750,758,0.020295
0.895752,759,0.020295
0.895755,760,-0.023652
0.895757,761,0.020295
0.895760,762,0.020295
0.895762,763,0.020295
0.895764,764,0.020295
0.895767,765,0.020295
0.895770,766,0.020295
0.895772,767,0.020295
0.895774,768,0.020295
0.895776,769,0.020295
0.895779,770,0.020295
0.895781,771,0.020295
0.895784,772,-0.023652
0.895786,773,-0.023652
0.895789,774,0.020295
0.895791,775,0.020295
0.895794,776,0.020295
0.895796,777,0.020295
0.895799,778,0.020295
0.895801,779,0.020295
0.895803,780,0.020295
0.895806,781,-0.023652
0.895808,782,0.020295
0.895810,783,0.020295
0.895812,784,-0.023652
0.895815,785,0.020295
0.961264,786,0.020295
0.961318,787,-0.023652
0.961323,788,-0.023652
0.961326,789,-0.023652
0.961329,790,0.020295
0.961331,791,0.020295
0.961334,792,-0.023652
0.961337,793,0.020295
0.961339,794,-0.023652
0.961342,795,0.020295
0.961344,796,-0.023652
0.961347,797,-0.023652
0.961350,798,0.020295
0.961353,799,0.020295
0.961355,800,0.020295
0.961358,801,-0.023652
0.961360,802,0.020295
0.961363,803,0.020295
0.961365,804,0.020295
0.961368,805,0.020295
0.961370,806,-0.023652
0.961373,807,-0.023652
0.961376,808,-0.023652
0.961378,809,0.020295
0.961381,810,0.020295
0.961383,811,-0.023652
0.961386,812,0.020295
0.961388,813,0.020295
0.961390,814,-0.023652
0.961393,815,-0.023652
0.961396,816,0.020295
0.961398,817,0.020295
0.961400,818,0.020295
0.961403,819,-0.023652
0.961405,820,0.020295
0.961408,821,-0.023652
0.961410,822,-0.023652
0.961413,823,0.020295
0.961415,824,0.020295
0.961417,825,0.020295
0.961420,826,0.020295
0.961422,827,0.020295
0.961426,828,-0.023652
0.961429,829,0.020295
0.961432,830,0.020295
0.961436,831,-0.023652
0.961440,832,0.020295
0.961443,833,-0.023652
0.961447,834,-0.023652
0.961450,835,-0.023652
1.027077,836,0.020295
1.027131,837,0.020295
1.027135,838,0.020295
1.027138,839,0.020295
1.027140,840,-0.023652
1.027144,841,0.020295
1.027147,842,-0.023652
1.027150,843,0.020295
1.027153,844,0.020295
1.027155,845,0.020295
1.027158,846,0.020295
1.027160,847,-0.023652
1.027163,848,0.020295
1.027166,849,-0.023652
1.027168,850,-0.023652
1.027171,851,0.020295
1.027173,852,-0.023652
1.027176,853,-0.023652
1.027179,854,-0.023652
1.027181,855,-0.023652
1.027184,856,0.020295
1.027186,857,0.020295
1.027189,858,0.020295
1.027191,859,0.020295
1.027193,860,0.020295
1.027195,861,-0.023652
1.027198,862,-0.023652
1.027200,863,-0.023652
1.027203,864,0.020295
1.027205,865,-0.023652
1.027207,866,0.020295
1.027210,867,-0.023652
1.027213,868,-0.023652
1.027215,869,0.020295
1.027218,870,0.020295
1.027220,871,0.020295
1.027222,872,0.020295
1.027225,873,-0.023652
1.027227,874,-0.023652
1.027230,875,0.020295
1.027232,876,0.020295
1.027235,877,0.020295
1.027237,878,0.020295
1.027240,879,0.020295
1.027242,880,-0.023652
1.027245,881,-0.023652
1.027247,882,-0.023652
1.027250,883,0.020295
1.027252,884,-0.023652
1.027255,885,0.020295
1.027257,886,0.020295
1.027259,887,-0.023652
1.027262,888,0.020295
1.027264,889,-0.023652
1.027267,890,-0.023652
1.027269,891,-0.023652
1.027271,892,-0.023652
1.027274,893,0.020295
1.027276,894,0.020295
1.027279,895,-0.023652
1.027281,896,0.020295
1.027284,897,0.020295
1.027286,898,0.020295
1.027288,899,-0.023652
1.027291,900,0.020295
1.027293,901,-0.023652
1.027296,902,-0.023652
1.027298,903,0.020295
1.027300,904,0.020295
1.027303,905,0.020295
1.027305,906,0.020295
1.027308,907,0.020295
1.027310,908,0.020295
1.027312,909,-0.023652
1.027315,910,-0.023652
1.027317,911,0.020295
1.027319,912,-0.023652
1.027322,913,-0.023652
1.027325,914,0.020295
1.027327,915,0.020295
1.027329,916,0.020295
1.027332,917,-0.023652
1.027334,918,0.020295
1.027336,919,0.020295
1.027338,920,-0.023652
1.027341,921,-0.023652
1.027343,922,0.020295
1.027346,923,0.020295
1.027348,924,-0.023652
1.027350,925,0.020295
1.027353,926,0.020295
1.027355,927,-0.023652
1.027358,928,-0.023652
1.027360,929,0.020295
1.027362,930,-0.023652
1.027365,931,0.020295
1.027367,932,-0.023652
1.027369,933,0.020295
1.027372,934,-0.023652
1.027374,935,-0.023652
1.093749,936,0.020295
1.093787,937,0.020295
1.093791,938,0.020295
1.093794,939,0.020295
1.093797,940,0.020295
1.093799,941,-0.023652
1.093803,942,0.020295
1.093805,943,-0.023652
1.093808,944,0.020295
1.093811,945,0.020295
1.093813,946,0.020295
1.093816,947,0.020295
1.093818,948,-0.023652
1.093821,949,-0.023652
1.093823,950,-0.023652
1.093826,951,0.020295
1.093828,952,-0.023652
1.093830,953,0.020295
1.093833,954,-0.023652
1.093835,955,0.020295
1.093838,956,0.020295
1.093840,957,0.020295
1.093842,958,0.020295
1.093844,959,0.020295
1.093847,960,-0.023652
1.093849,961,0.020295
1.093852,962,0.020295
1.093854,963,0.020295
1.093856,964,0.020295
1.093858,965,0.020295
1.093861,966,0.020295
1.093863,967,-0.023652
1.093865,968,-0.023652
1.093868,969,0.020295
1.093871,970,0.020295
1.093873,971,0.020295
1.093875,972,0.020295
1.093878,973,0.020295
1.093880,974,-0.023652
1.093882,975,0.020295
1.093884,976,0.020295
1.093887,977,0.020295
1.093889,978,0.020295
1.093892,979,0.020295
1.093894,980,0.020295
1.093897,981,0.020295
1.093899,982,-0.023652
1.093902,983,0.020295
1.093904,984,0.020295
1.093906,985,0.020295
1.144499,986,-0.023652
1.144536,987,0.020295
1.144541,988,-0.023652
1.144545,989,0.020295
1.144549,990,-0.023652
1.144552,991,0.020295
1.144556,992,-0.023652
1.144559,993,-0.023652
1.144563,994,-0.023652
1.144566,995,0.020295
1.144569,996,0.020295
1.144572,997,-0.023652
1.144576,998,0.020295
1.144579,999,-0.023652
1.144582,1000,-0.023652
1.144586,1001,0.020295
1.144589,1002,0.020295
1.144592,1003,0.020295
1.144595,1004,0.020295
1.144599,1005,0.020295
1.144602,1006,-0.023652
1.144605,1007,-0.023652
1.144609,1008,0.020295
1.144612,1009,0.020295
1.144615,1010,0.020295
1.144618,1011,-0.023652
1.144622,1012,-0.023652
1.144625,1013,-0.023652
1.144629,1014,0.020295
1.144632,1015,0.020295
1.144635,1016,-0.023652
1.144638,1017,0.020295
1.144641,1018,0.020295
1.144644,1019,0.020295
1.144647,1020,0.020295
1.144650,1021,-0.023652
1.144654,1022,0.020295
1.144657,1023,0.020295
1.144660,1024,-0.023652
1.144664,1025,-0.023652
1.144667,1026,0.020295
1.144670,1027,0.020295
1.144673,1028,-0.023652
1.144676,1029,0.020295
1.144679,1030,-0.023652
1.144683,1031,-0.023652
1.144686,1032,-0.023652
1.144689,1033,0.020295
1.144692,1034,-0.023652
1.144696,1035,0.020295
1.209259,1036,-0.023652
1.209310,1037,0.020295
1.209314,1038,0.020295
1.209317,1039,-0.023652
1.209321,1040,0.020295
1.209324,1041,-0.023652
1.209327,1042,0.020295
1.209330,1043,-0.023652
1.209333,1044,0.020295
1.209336,1045,-0.023652
1.209339,1046,0.020295
1.209342,1047,-0.023652
1.209344,1048,0.020295
1.209347,1049,-0.023652
1.209349,1050,-0.023652
1.209352,1051,0.020295
1.209355,1052,0.020295
1.209357,1053,-0.023652
1.209360,1054,0.020295
1.209363,1055,0.020295
1.209365,1056,-0.023652
1.209367,1057,0.020295
1.209370,1058,-0.023652
1.209372,1059,0.020295
1.209375,1060,0.020295
1.209377,1061,-0.023652
1.209380,1062,-0.023652
1.209382,1063,-0.023652
1.209385,1064,-0.023652
1.209388,1065,0.020295
1.209390,1066,0.020295
1.209392,1067,0.020295
1.209394,1068,0.020295
1.209397,1069,0.020295
1.209399,1070,0.020295
1.209402,1071,0.020295
1.209405,1072,-0.023652
1.209407,1073,0.020295
1.209409,1074,-0.023652
1.209412,1075,-0.023652
1.209415,1076,0.020295
1.209417,1077,0.020295
1.209420,1078,0.020295
1.209422,1079,-0.023652
1.209425,1080,-0.023652
1.209427,1081,0.020295
1.209430,1082,0.020295
1.209432,1083,-0.023652
1.209435,1084,0.020295
1.209437,1085,0.020295
1.263703,1086,-0.023652
1.263760,1087,-0.023652
1.263765,1088,0.020295
1.263768,1089,-0.023652
1.263771,1090,-0.023652
1.263774,1091,0.020295
1.263776,1092,0.020295
1.263779,1093,0.020295
1.263782,1094,-0.023652
1.263784,1095,-0.023652
1.263787,1096,0.020295
1.263790,1097,0.020295
1.263792,1098,0.020295
1.263795,1099,0.020295
1.263797,1100,0.020295
1.263800,1101,-0.023652
1.263803,1102,0.020295
1.263806,1103,-0.023652
1.263809,1104,0.020295
1.263811,1105,0.020295
1.263813,1106,0.020295
1.263815,1107,-0.023652
1.263818,1108,0.020295
1.263820,1109,-0.023652
1.263823,1110,-0.023652
1.263825,1111,-0.023652
1.263828,1112,0.020295
1.263831,1113,0.020295
1.263833,1114,0.020295
1.263836,1115,0.020295
1.263838,1116,-0.023652
1.263841,1117,0.020295
1.263843,1118,-0.023652
1.263846,1119,-0.023652
1.263848,1120,-0.023652
1.263851,1121,-0.023652
1.263854,1122,-0.023652
1.263856,1123,-0.023652
1.263858,1124,-0.023652
1.263861,1125,-0.023652
1.263864,1126,-0.023652
1.263866,1127,-0.023652
1.263869,1128,0.020295
1.263871,1129,-0.023652
1.263874,1130,-0.023652
1.263876,1131,-0.023652
1.263879,1132,-0.023652
1.263882,1133,0.020295
1.263884,1134,-0.023652
1.263886,1135,0.020295
1.329521,1136,-0.023652
1.329541,1137,0.020295
1.329543,1138,0.020295
1.329544,1139,0.020295
1.329546,1140,-0.023652
1.329548,1141,-0.023652
1.329549,1142,-0.023652
1.329551,1143,0.020295
1.329552,1144,-0.023652
1.329553,1145,-0.023652
1.329554,1146,0.020295
1.329555,1147,0.020295
1.329556,1148,-0.023652
1.329558,1149,-0.023652
1.329559,1150,-0.023652
1.329560,1151,0.020295
1.329561,1152,-0.023652
1.329562,1153,0.020295
1.329563,1154,0.020295
1.329565,1155,0.020295
1.329566,1156,0.020295
1.329567,1157,0.020295
1.329568,1158,0.020295
1.329569,1159,0.020295
1.329570,1160,0.020295
1.329571,1161,0.020295
1.329572,1162,-0.023652
1.329573,1163,0.020295
1.329575,1164,0.020295
1.329576,1165,-0.023652
1.329577,1166,0.020295
1.329578,1167,-0.023652
1.329579,1168,0.020295
1.329580,1169,0.020295
1.329581,1170,-0.023652
1.329583,1171,-0.023652
1.329584,1172,-0.023652
1.329585,1173,0.020295
1.329586,1174,-0.023652
1.329587,1175,0.020295
1.329588,1176,0.020295
1.329589,1177,0.020295
1.329590,1178,0.020295
1.329591,1179,-0.023652
1.329592,1180,-0.023652
1.329594,1181,0.020295
1.329595,1182,0.020295
1.329596,1183,0.020295
1.329597,1184,-0.023652
1.329598,1185,-0.023652
1.329599,1186,0.020295
1.329600,1187,-0.023652
1.329601,1188,-0.023652
1.329602,1189,0.020295
1.329603,1190,-0.023652
1.329604,1191,-0.023652
1.329605,1192,-0.023652
1.329606,1193,-0.023652
1.329608,1194,0.020295
1.329609,1195,0.020295
1.329610,1196,-0.023652
1.329611,1197,-0.023652
1.329612,1198,0.020295
1.329613,1199,0.020295
1.329614,1200,0.020295
1.329615,1201,-0.023652
1.329616,1202,-0.023652
1.329617,1203,0.020295
1.329619,1204,0.020295
1.329620,1205,-0.023652
1.329621,1206,-0.023652
1.329622,1207,0.020295
1.329623,1208,0.020295
1.329624,1209,-0.023652
1.329625,1210,-0.023652
1.329626,1211,-0.023652
1.329627,1212,-0.023652
1.329629,1213,0.020295
1.329630,1214,0.020295
1.329631,1215,-0.023652
1.329632,1216,0.020295
1.329633,1217,0.020295
1.329634,1218,0.020295
1.329635,1219,-0.023652
1.329636,1220,-0.023652
1.329637,1221,-0.023652
1.329638,1222,-0.023652
1.329639,1223,-0.023652
1.329640,1224,0.020295
1.329641,1225,0.020295
1.329642,1226,0.020295
1.329643,1227,0.020295
1.329644,1228,-0.023652
1.329646,1229,0.020295
1.329647,1230,-0.023652
1.329648,1231,0.020295
1.329649,1232,-0.023652
1.329650,1233,0.020295
1.329651,1234,0.020295
1.329652,1235,0.020295
1.394660,1236,0.020295
1.394716,1237,0.020295
1.394720,1238,0.020295
1.394723,1239,-0.023652
1.394727,1240,0.020295
1.394730,1241,-0.023652
1.394733,1242,0.020295
1.394735,1243,0.020295
1.394738,1244,-0.023652
1.394741,1245,0.020295
1.394744,1246,0.020295
1.394746,1247,-0.023652
1.394749,1248,0.020295
1.394752,1249,-0.023652
1.394754,1250,-0.023652
1.394757,1251,-0.023652
1.394759,1252,0.020295
1.394762,1253,-0.023652
1.394765,1254,0.020295
1.394768,1255,-0.023652
1.394770,1256,0.020295
1.394773,1257,0.020295
1.394775,1258,0.020295
1.394778,1259,-0.023652
1.394780,1260,0.020295
1.394783,1261,-0.023652
1.394785,1262,-0.023652
1.394788,1263,-0.023652
1.394791,1264,-0.023652
1.394793,1265,0.020295
1.394795,1266,-0.023652
1.394798,1267,0.020295
1.394800,1268,0.020295
1.394803,1269,0.020295
1.394805,1270,-0.023652
1.394808,1271,0.020295
1.394810,1272,-0.023652
1.394812,1273,-0.023652
1.394815,1274,-0.023652
1.394818,1275,-0.023652
1.394820,1276,-0.023652
1.394823,1277,0.020295
1.394825,1278,-0.023652
1.394827,1279,0.020295
1.394830,1280,-0.023652
1.394832,1281,-0.023652
1.394835,1282,-0.023652
1.394837,1283,-0.023652
1.394839,1284,0.020295
1.394842,1285,0.020295
1.460102,1286,0.020295
1.460153,1287,0.020295
1.460157,1288,0.020295
1.460160,1289,0.020295
1.460163,1290,-0.023652
1.460166,1291,-0.023652
1.460169,1292,0.020295
1.460172,1293,-0.023652
1.460175,1294,-0.023652
1.460179,1295,-0.023652
1.460182,1296,-0.023652
1.460184,1297,0.020295
1.460187,1298,-0.023652
1.460190,1299,-0.023652
1.460193,1300,0.020295
1.460195,1301,-0.023652
1.460198,1302,0.020295
1.460200,1303,-0.023652
1.460203,1304,0.020295
1.460205,1305,-0.023652
1.460208,1306,-0.023652
1.460210,1307,-0.023652
1.460213,1308,-0.023652
1.460215,1309,-0.023652
1.460217,1310,-0.023652
1.460220,1311,-0.023652
1.460223,1312,-0.023652
1.460225,1313,-0.023652
1.460228,1314,0.020295
1.460230,1315,0.020295
1.460233,1316,0.020295
1.460235,1317,0.020295
1.460237,1318,0.020295
1.460240,1319,0.020295
1.460242,1320,-0.023652
1.460244,1321,-0.023652
1.460247,1322,0.020295
1.460249,1323,-0.023652
1.460252,1324,0.020295
1.460254,1325,-0.023652
1.460257,1326,0.020295
1.460259,1327,-0.023652
1.460262,1328,0.020295
1.460264,1329,-0.023652
1.460266,1330,0.020295
1.460269,1331,0.020295
1.460271,1332,-0.023652
1.460274,1333,-0.023652
1.460276,1334,0.020295
1.460279,1335,0.020295
1.460281,1336,0.020295
1.460283,1337,0.020295
1.460285,1338,-0.023652
1.460288,1339,-0.023652
1.460290,1340,0.020295
1.460293,1341,0.020295
1.460295,1342,0.020295
1.460297,1343,0.020295
1.460300,1344,0.020295
1.460302,1345,0.020295
1.460304,1346,-0.023652
1.460307,1347,0.020295
1.460309,1348,-0.023652
1.460312,1349,0.020295
1.460314,1350,0.020295
1.460317,1351,-0.023652
1.460319,1352,-0.023652
1.460321,1353,0.020295
1.460324,1354,-0.023652
1.460327,1355,0.020295
1.460329,1356,-0.023652
1.460332,1357,0.020295
1.460334,1358,0.020295
1.460336,1359,0.020295
1.460338,1360,0.020295
1.460341,1361,0.020295
1.460343,1362,-0.023652
1.460346,1363,0.020295
1.460348,1364,-0.023652
1.460350,1365,-0.023652
1.460353,1366,-0.023652
1.460355,1367,0.020295
1.460358,1368,-0.023652
1.460360,1369,0.020295
1.460362,1370,0.020295
1.460365,1371,0.020295
1.460367,1372,0.020295
1.460370,1373,-0.023652
1.460372,1374,-0.023652
1.460374,1375,0.020295
1.460377,1376,0.020295
1.460379,1377,-0.023652
1.460381,1378,0.020295
1.460384,1379,-0.023652
1.460386,1380,-0.023652
1.460388,1381,0.020295
1.460390,1382,0.020295
1.460393,1383,-0.023652
1.460395,1384,-0.023652
1.460398,1385,-0.023652
1.526218,1386,-0.023652
1.526277,1387,0.020295
1.526283,1388,0.020295
1.526286,1389,-0.023652
1.526290,1390,0.020295
1.526293,1391,-0.023652
1.526296,1392,-0.023652
1.526299,1393,-0.023652
1.526302,1394,0.020295
1.526305,1395,0.020295
1.526307,1396,0.020295
1.526310,1397,0.020295
1.526313,1398,0.020295
1.526315,1399,0.020295
1.526318,1400,0.020295
1.526321,1401,0.020295
1.526324,1402,0.020295
1.526327,1403,0.020295
1.526329,1404,-0.023652
1.526332,1405,0.020295
1.526335,1406,-0.023652
1.526338,1407,0.020295
1.526341,1408,-0.023652
1.526344,1409,0.020295
1.526346,1410,-0.023652
1.526349,1411,-0.023652
1.526352,1412,0.020295
1.526355,1413,0.020295
1.526358,1414,-0.023652
1.526361,1415,0.020295
1.526364,1416,-0.023652
1.526367,1417,0.020295
1.526369,1418,0.020295
1.526372,1419,0.020295
1.526374,1420,0.020295
1.526377,1421,0.020295
1.526380,1422,0.020295
1.526477,1423,-0.023652
1.526480,1424,0.020295
1.526483,1425,0.020295
1.526486,1426,-0.023652
1.526489,1427,-0.023652
1.526492,1428,0.020295
1.526494,1429,-0.023652
1.526497,1430,-0.023652
1.526500,1431,-0.023652
1.526503,1432,-0.023652
1.526506,1433,-0.023652
1.526508,1434,-0.023652
1.526511,1435,0.020295
1.592302,1436,-0.023652
1.592357,1437,0.020295
1.592362,1438,0.020295
1.592365,1439,0.020295
1.592368,1440,0.020295
1.592370,1441,0.020295
1.592373,1442,0.020295
1.592376,1443,0.020295
1.592378,1444,0.020295
1.592381,1445,0.020295
1.592383,1446,0.020295
1.592386,1447,-0.023652
1.592389,1448,0.020295
1.592391,1449,-0.023652
1.592394,1450,0.020295
1.592397,1451,0.020295
1.592399,1452,-0.023652
1.592402,1453,0.020295
1.592405,1454,0.020295
1.592407,1455,0.020295
1.592409,1456,-0.023652
1.592412,1457,0.020295
1.592414,1458,0.020295
1.592417,1459,-0.023652
1.592420,1460,-0.023652
1.592423,1461,0.020295
1.592425,1462,-0.023652
1.592428,1463,-0.023652
1.592431,1464,-0.023652
1.592433,1465,-0.023652
1.592436,1466,-0.023652
1.592438,1467,0.020295
1.592441,1468,0.020295
1.592443,1469,-0.023652
1.592446,1470,0.020295
1.592448,1471,-0.023652
1.592450,1472,-0.023652
1.592453,1473,0.020295
1.592455,1474,-0.023652
1.592458,1475,0.020295
1.592460,1476,0.020295
1.592462,1477,0.020295
1.592465,1478,-0.023652
1.592468,1479,-0.023652
1.592470,1480,0.020295
1.592473,1481,-0.023652
1.592475,1482,0.020295
1.592477,1483,-0.023652
1.592480,1484,0.020295
1.592482,1485,-0.023652
1.658688,1486,0.020295
1.658742,1487,0.020295
1.658746,1488,0.020295
1.658749,1489,-0.023652
1.658753,1490,0.020295
1.658756,1491,-0.023652
1.658759,1492,0.020295
1.658761,1493,-0.023652
1.658764,1494,0.020295
1.658766,1495,0.020295
1.658769,1496,0.020295
1.658771,1497,0.020295
1.658774,1498,0.020295
1.658776,1499,-0.023652
1.658779,1500,-0.023652
1.658781,1501,0.020295
1.658784,1502,0.020295
1.658786,1503,-0.023652
1.658789,1504,0.020295
1.658791,1505,0.020295
1.658794,1506,0.020295
1.658796,1507,-0.023652
1.658799,1508,0.020295
1.658801,1509,-0.023652
1.658804,1510,0.020295
1.658806,1511,0.020295
1.658809,1512,-0.023652
1.658812,1513,-0.023652
1.658814,1514,0.020295
1.658817,1515,-0.023652
1.658819,1516,0.020295
1.658822,1517,0.020295
1.658824,1518,0.020295
1.658826,1519,0.020295
1.658829,1520,0.020295
1.658831,1521,-0.023652
1.658834,1522,-0.023652
1.658836,1523,-0.023652
1.658839,1524,-0.023652
1.658842,1525,0.020295
1.658844,1526,0.020295
1.658847,1527,0.020295
1.658849,1528,-0.023652
1.658852,1529,-0.023652
1.658854,1530,-0.023652
1.658857,1531,-0.023652
1.658860,1532,-0.023652
1.658862,1533,-0.023652
1.658865,1534,-0.023652
1.658867,1535,0.020295
1.723044,1536,0.020295
1.723072,1537,0.020295
1.723074,1538,-0.023652
1.723076,1539,0.020295
1.723077,1540,0.020295
1.723078,1541,-0.023652
1.723080,1542,0.020295
1.723081,1543,0.020295
1.723082,1544,0.020295
1.723084,1545,0.020295
1.723085,1546,-0.023652
1.723087,1547,0.020295
1.723088,1548,-0.023652
1.723089,1549,-0.023652
1.723090,1550,-0.023652
1.723092,1551,-0.023652
1.723093,1552,-0.023652
1.723094,1553,0.020295
1.723095,1554,0.020295
1.723097,1555,-0.023652
1.723098,1556,-0.023652
1.723099,1557,0.020295
1.723100,1558,0.020295
1.723102,1559,0.020295
1.723103,1560,0.020295
1.723104,1561,-0.023652
1.723105,1562,0.020295
1.723106,1563,0.020295
1.723107,1564,0.020295
1.723108,1565,0.020295
1.723110,1566,-0.023652
1.723111,1567,-0.023652
1.723112,1568,0.020295
1.723113,1569,-0.023652
1.723114,1570,0.020295
1.723116,1571,-0.023652
1.723117,1572,-0.023652
1.723118,1573,-0.023652
1.723120,1574,0.020295
1.723121,1575,0.020295
1.723122,1576,0.020295
1.723123,1577,-0.023652
1.723124,1578,0.020295
1.723125,1579,-0.023652
1.723126,1580,0.020295
1.723127,1581,0.020295
1.723128,1582,-0.023652
1.723129,1583,0.020295
1.723130,1584,0.020295
1.723131,1585,0.020295
1.723132,1586,-0.023652
1.723133,1587,0.020295
1.723135,1588,0.020295
1.723136,1589,0.020295
1.723137,1590,-0.023652
1.723138,1591,-0.023652
1.723139,1592,0.020295
1.723140,1593,-0.023652
1.723141,1594,-0.023652
1.723142,1595,0.020295
1.723143,1596,0.020295
1.723145,1597,0.020295
1.723146,1598,0.020295
1.723147,1599,0.020295
1.723148,1600,0.020295
1.723149,1601,0.020295
1.723150,1602,-0.023652
1.723151,1603,0.020295
1.723152,1604,0.020295
1.723153,1605,-0.023652
1.723154,1606,-0.023652
1.723155,1607,0.020295
1.723156,1608,0.020295
1.723157,1609,-0.023652
1.723159,1610,0.020295
1.723160,1611,-0.023652
1.723161,1612,-0.023652
1.723162,1613,-0.023652
1.723163,1614,-0.023652
1.723164,1615,0.020295
1.723165,1616,0.020295
1.723166,1617,-0.023652
1.723167,1618,0.020295
1.723168,1619,-0.023652
1.723169,1620,0.020295
1.723170,1621,0.020295
1.723171,1622,0.020295
1.723172,1623,0.020295
1.723174,1624,-0.023652
1.723175,1625,0.020295
1.723176,1626,-0.023652
1.723177,1627,0.020295
1.723178,1628,0.020295
1.723179,1629,-0.023652
1.723180,1630,-0.023652
1.723181,1631,-0.023652
1.723182,1632,0.020295
1.723183,1633,0.020295
1.723184,1634,-0.023652
1.723186,1635,-0.023652
1.782785,1636,0.020295
1.782802,1637,0.020295
1.782805,1638,-0.023652
1.782809,1639,-0.023652
1.782811,1640,0.020295
1.782814,1641,-0.023652
1.782816,1642,0.020295
1.782818,1643,-0.023652
1.782821,1644,-0.023652
1.782823,1645,-0.023652
1.782826,1646,-0.023652
1.782828,1647,0.020295
1.782831,1648,-0.023652
1.782833,1649,-0.023652
1.782836,1650,-0.023652
1.782838,1651,-0.023652
1.782841,1652,-0.023652
1.782843,1653,0.020295
1.782845,1654,-0.023652
1.782848,1655,0.020295
1.782850,1656,0.020295
1.782852,1657,0.020295
1.782855,1658,-0.023652
1.782857,1659,0.020295
1.782859,1660,-0.023652
1.782862,1661,-0.023652
1.782864,1662,-0.023652
1.782866,1663,0.020295
1.782869,1664,0.020295
1.782871,1665,0.020295
1.782874,1666,0.020295
1.782876,1667,-0.023652
1.782878,1668,-0.023652
1.782881,1669,0.020295
1.782883,1670,-0.023652
1.782885,1671,-0.023652
1.782888,1672,-0.023652
1.782890,1673,-0.023652
1.782893,1674,0.020295
1.782895,1675,0.020295
1.782898,1676,0.020295
1.782900,1677,0.020295
1.782902,1678,-0.023652
1.782905,1679,0.020295
1.782907,1680,-0.023652
1.782910,1681,0.020295
1.782912,1682,0.020295
1.782914,1683,-0.023652
1.782917,1684,0.020295
1.782919,1685,0.020295
1.848777,1686,0.020295
1.848830,1687,-0.023652
1.848835,1688,-0.023652
1.848838,1689,-0.023652
1.848842,1690,-0.023652
1.848844,1691,-0.023652
1.848847,1692,-0.023652
1.848850,1693,-0.023652
1.848852,1694,-0.023652
1.848855,1695,-0.023652
1.848858,1696,0.020295
1.848861,1697,0.020295
1.848863,1698,-0.023652
1.848866,1699,0.020295
1.848868,1700,0.020295
1.848871,1701,-0.023652
1.848874,1702,0.020295
1.848877,1703,-0.023652
1.848879,1704,-0.023652
1.848882,1705,-0.023652
1.848884,1706,-0.023652
1.848886,1707,0.020295
1.848889,1708,-0.023652
1.848892,1709,0.020295
1.848894,1710,0.020295
1.848896,1711,-0.023652
1.848899,1712,-0.023652
1.848901,1713,0.020295
1.848904,1714,0.020295
1.848906,1715,-0.023652
1.848908,1716,0.020295
1.848911,1717,-0.023652
1.848913,1718,-0.023652
1.848916,1719,-0.023652
1.848918,1720,-0.023652
1.848920,1721,-0.023652
1.848923,1722,-0.023652
1.848925,1723,0.020295
1.848928,1724,0.020295
1.848930,1725,-0.023652
1.848933,1726,-0.023652
1.848936,1727,0.020295
1.848938,1728,-0.023652
1.848940,1729,-0.023652
1.848943,1730,-0.023652
1.848945,1731,-0.023652
1.848948,1732,-0.023652
1.848950,1733,-0.023652
1.848952,1734,-0.023652
1.848955,1735,-0.023652
1.914709,1736,0.020295
1.914763,1737,0.020295
1.914767,1738,0.020295
1.914770,1739,0.020295
1.914773,1740,-0.023652
1.914777,1741,-0.023652
1.914780,1742,-0.023652
1.914783,1743,0.020295
1.914785,1744,0.020295
1.914788,1745,0.020295
1.914790,1746,0.020295
1.914793,1747,0.020295
1.914795,1748,-0.023652
1.914798,1749,0.020295
1.914801,1750,-0.023652
1.914804,1751,-0.023652
1.914806,1752,0.020295
1.914809,1753,0.020295
1.914811,1754,0.020295
1.914813,1755,0.020295
1.914816,1756,0.020295
1.914818,1757,0.020295
1.914821,1758,0.020295
1.914823,1759,-0.023652
1.914826,1760,-0.023652
1.914829,1761,0.020295
1.914831,1762,-0.023652
1.914833,1763,-0.023652
1.914836,1764,-0.023652
1.914838,1765,-0.023652
1.914841,1766,-0.023652
1.914844,1767,-0.023652
1.914846,1768,-0.023652
1.914848,1769,0.020295
1.914851,1770,-0.023652
1.914853,1771,-0.023652
1.914856,1772,0.020295
1.914858,1773,0.020295
1.914861,1774,-0.023652
1.914863,1775,0.020295
1.914866,1776,0.020295
1.914869,1777,-0.023652
1.914871,1778,0.020295
1.914873,1779,0.020295
1.914876,1780,-0.023652
1.914878,1781,0.020295
1.914881,1782,-0.023652
1.914884,1783,-0.023652
1.914886,1784,0.020295
1.914888,1785,0.020295
1.914891,1786,0.020295
1.914894,1787,0.020295
1.914896,1788,0.020295
1.914898,1789,-0.023652
1.914900,1790,-0.023652
1.914903,1791,0.020295
1.914905,1792,-0.023652
1.914908,1793,0.020295
1.914910,1794,-0.023652
1.914913,1795,0.020295
1.914915,1796,-0.023652
1.914917,1797,-0.023652
1.914920,1798,0.020295
1.914922,1799,-0.023652
1.914925,1800,-0.023652
1.914927,1801,-0.023652
1.914929,1802,0.020295
1.914932,1803,-0.023652
1.914934,1804,-0.023652
1.914937,1805,-0.023652
1.914939,1806,-0.023652
1.914941,1807,0.020295
1.914944,1808,0.020295
1.914946,1809,0.020295
1.914948,1810,-0.023652
1.914951,1811,-0.023652
1.914953,1812,-0.023652
1.914955,1813,-0.023652
1.914958,1814,0.020295
1.914961,1815,0.020295
1.914963,1816,0.020295
1.914966,1817,0.020295
1.914968,1818,0.020295
1.914970,1819,0.020295
1.914973,1820,-0.023652
1.914975,1821,0.020295
1.914977,1822,0.020295
1.914980,1823,0.020295
1.914982,1824,0.020295
1.914984,1825,0.020295
1.914987,1826,0.020295
1.914989,1827,-0.023652
1.914992,1828,0.020295
1.914994,1829,0.020295
1.914997,1830,0.020295
1.914999,1831,0.020295
1.915001,1832,0.020295
1.915003,1833,0.020295
1.915006,1834,-0.023652
1.915008,1835,-0.023652
1.981108,1836,0.020295
1.981161,1837,0.020295
1.981165,1838,0.020295
1.981168,1839,0.020295
1.981171,1840,0.020295
1.981174,1841,0.020295
1.981176,1842,-0.023652
1.981180,1843,0.020295
1.981183,1844,-0.023652
1.981186,1845,-0.023652
1.981189,1846,-0.023652
1.981191,1847,-0.023652
1.981194,1848,0.020295
1.981197,1849,-0.023652
1.981199,1850,-0.023652
1.981202,1851,-0.023652
1.981204,1852,0.020295
1.981207,1853,-0.023652
1.981209,1854,0.020295
1.981212,1855,-0.023652
1.981214,1856,-0.023652
1.981217,1857,0.020295
1.981219,1858,0.020295
1.981222,1859,0.020295
1.981224,1860,-0.023652
1.981227,1861,-0.023652
1.981229,1862,0.020295
1.981231,1863,-0.023652
1.981234,1864,0.020295
1.981236,1865,-0.023652
1.981238,1866,0.020295
1.981241,1867,0.020295
1.981243,1868,-0.023652
1.981246,1869,-0.023652
1.981248,1870,-0.023652
1.981250,1871,0.020295
1.981253,1872,-0.023652
1.981255,1873,0.020295
1.981257,1874,-0.023652
1.981260,1875,0.020295
1.981263,1876,0.020295
1.981265,1877,0.020295
1.981268,1878,0.020295
1.981270,1879,0.020295
1.981273,1880,-0.023652
1.981275,1881,0.020295
1.981278,1882,0.020295
1.981280,1883,0.020295
1.981282,1884,-0.023652
1.981285,1885,0.020295
2.047406,1886,-0.023652
2.047462,1887,-0.023652
2.047467,1888,0.020295
2.047471,1889,-0.023652
2.047474,1890,-0.023652
2.047476,1891,-0.023652
2.047479,1892,-0.023652
2.047481,1893,-0.023652
2.047484,1894,0.020295
2.047487,1895,0.020295
2.047489,1896,0.020295
2.047492,1897,0.020295
2.047494,1898,0.020295
2.047496,1899,0.020295
2.047499,1900,0.020295
2.047501,1901,-0.023652
2.047504,1902,-0.023652
2.047506,1903,0.020295
2.047509,1904,0.020295
2.047511,1905,0.020295
2.047514,1906,-0.023652
2.047517,1907,-0.023652
2.047520,1908,-0.023652
2.047523,1909,0.020295
2.047525,1910,-0.023652
2.047528,1911,-0.023652
2.047530,1912,-0.023652
2.047533,1913,-0.023652
2.047536,1914,-0.023652
2.047538,1915,-0.023652
2.047541,1916,0.020295
2.047543,1917,0.020295
2.047546,1918,0.020295
2.047548,1919,-0.023652
2.047550,1920,-0.023652
2.047553,1921,-0.023652
2.047555,1922,0.020295
2.047557,1923,-0.023652
2.047560,1924,-0.023652
2.047563,1925,-0.023652
2.047566,1926,0.020295
2.047568,1927,-0.023652
2.047570,1928,0.020295
2.047573,1929,-0.023652
2.047575,1930,-0.023652
2.047578,1931,0.020295
2.047580,1932,0.020295
2.047583,1933,0.020295
2.047585,1934,0.020295
2.047588,1935,-0.023652
2.113267,1936,-0.023652
2.113309,1937,0.020295
2.113311,1938,0.020295
2.113313,1939,0.020295
2.113314,1940,0.020295
2.113316,1941,-0.023652
2.113317,1942,0.020295
2.113319,1943,-0.023652
2.113320,1944,0.020295
2.113322,1945,0.020295
2.113323,1946,-0.023652
2.113324,1947,-0.023652
2.113326,1948,-0.023652
2.113327,1949,0.020295
2.113328,1950,-0.023652
2.113329,1951,-0.023652
2.113331,1952,-0.023652
2.113332,1953,0.020295
2.113333,1954,-0.023652
2.113334,1955,0.020295
2.113336,1956,0.020295
2.113337,1957,-0.023652
2.113338,1958,-0.023652
2.113339,1959,0.020295
2.113340,1960,-0.023652
2.113342,1961,-0.023652
2.113343,1962,-0.023652
2.113344,1963,0.020295
2.113345,1964,0.020295
2.113346,1965,0.020295
2.113348,1966,0.020295
2.113349,1967,-0.023652
2.113350,1968,-0.023652
2.113351,1969,-0.023652
2.113352,1970,-0.023652
2.113354,1971,-0.023652
2.113355,1972,-0.023652
2.113356,1973,0.020295
2.113357,1974,0.020295
2.113358,1975,0.020295
2.113360,1976,-0.023652
2.113361,1977,-0.023652
2.113362,1978,0.020295
2.113363,1979,0.020295
2.113364,1980,0.020295
2.113366,1981,0.020295
2.113367,1982,-0.023652
2.113368,1983,-0.023652
2.113369,1984,-0.023652
2.113370,1985,-0.023652
2.113371,1986,-0.023652
2.113372,1987,0.020295
2.113374,1988,0.020295
2.113375,1989,-0.023652
2.113376,1990,-0.023652
2.113377,1991,-0.023652
2.113378,1992,0.020295
2.113379,1993,-0.023652
2.113380,1994,0.020295
2.113381,1995,-0.023652
2.113383,1996,-0.023652
2.113383,1997,0.020295
2.113385,1998,0.020295
2.113386,1999,0.020295
2.113387,2000,0.020295
2.113388,2001,0.020295
2.113389,2002,0.020295
2.113390,2003,-0.023652
2.113392,2004,0.020295
2.113393,2005,0.020295
2.113394,2006,-0.023652
2.113395,2007,-0.023652
2.113396,2008,0.020295
2.113397,2009,-0.023652
2.113398,2010,-0.023652
2.113399,2011,-0.023652
2.113401,2012,0.020295
2.113402,2013,-0.023652
2.113403,2014,0.020295
2.113404,2015,0.020295
2.113405,2016,0.020295
2.113406,2017,0.020295
2.113407,2018,0.020295
2.113408,2019,0.020295
2.113409,2020,0.020295
2.113410,2021,-0.023652
2.113411,2022,-0.023652
2.113412,2023,0.020295
2.113413,2024,0.020295
2.113414,2025,0.020295
2.113415,2026,0.020295
2.113416,2027,-0.023652
2.113417,2028,0.020295
2.113418,2029,-0.023652
2.113419,2030,0.020295
2.113420,2031,-0.023652
2.113421,2032,-0.023652
2.113422,2033,0.020295
2.113424,2034,-0.023652
2.113425,2035,0.020295
2.228673,2036,-0.023652
2.228710,2037,0.020295
2.228716,2038,0.020295
2.228719,2039,0.020295
2.228723,2040,-0.023652
2.228728,2041,0.020295
2.228733,2042,0.020295
2.228738,2043,-0.023652
2.228744,2044,0.020295
2.228748,2045,-0.023652
2.228753,2046,0.020295
2.228758,2047,0.020295
2.228763,2048,0.020295
2.228768,2049,0.020295
2.228772,2050,0.020295
2.228776,2051,-0.023652
2.228780,2052,-0.023652
2.228784,2053,0.020295
2.228787,2054,-0.023652
2.228791,2055,0.020295
2.228794,2056,0.020295
2.228797,2057,0.020295
2.228800,2058,0.020295
2.228804,2059,0.020295
2.228807,2060,0.020295
2.228810,2061,0.020295
2.228813,2062,-0.023652
2.228816,2063,0.020295
2.228820,2064,0.020295
2.228823,2065,0.020295
2.228826,2066,0.020295
2.228829,2067,0.020295
2.228832,2068,0.020295
2.228836,2069,0.020295
2.228839,2070,0.020295
2.228842,2071,-0.023652
2.228845,2072,-0.023652
2.228848,2073,0.020295
2.228851,2074,-0.023652
2.228855,2075,0.020295
2.228858,2076,-0.023652
2.228861,2077,-0.023652
2.228864,2078,-0.023652
2.228868,2079,-0.023652
2.228871,2080,0.020295
2.228874,2081,0.020295
2.228878,2082,0.020295
2.228881,2083,0.020295
2.228884,2084,0.020295
2.228887,2085,0.020295
2.228890,2086,-0.023652
2.228893,2087,0.020295
2.228896,2088,0.020295
2.228900,2089,-0.023652
2.228903,2090,-0.023652
2.228906,2091,-0.023652
2.228909,2092,-0.023652
2.228913,2093,-0.023652
2.228916,2094,-0.023652
2.228919,2095,0.020295
2.228922,2096,-0.023652
2.228925,2097,0.020295
2.228929,2098,0.020295
2.228932,2099,0.020295
2.228935,2100,0.020295
2.228938,2101,0.020295
2.228941,2102,0.020295
2.228944,2103,0.020295
2.228947,2104,-0.023652
2.228950,2105,0.020295
2.228953,2106,0.020295
2.228956,2107,0.020295
2.228960,2108,-0.023652
2.228963,2109,-0.023652
2.228966,2110,-0.023652
2.228969,2111,-0.023652
2.228972,2112,0.020295
2.228976,2113,-0.023652
2.228979,2114,-0.023652
2.228982,2115,0.020295
2.228985,2116,0.020295
2.228988,2117,0.020295
2.228991,2118,-0.023652
2.228995,2119,0.020295
2.228998,2120,-0.023652
2.229001,2121,-0.023652
2.229004,2122,-0.023652
2.229007,2123,-0.023652
2.229010,2124,-0.023652
2.229014,2125,-0.023652
2.229017,2126,0.020295
2.229020,2127,-0.023652
2.229023,2128,0.020295
2.229026,2129,-0.023652
2.229029,2130,0.020295
2.229033,2131,-0.023652
2.229036,2132,0.020295
2.229039,2133,0.020295
2.229042,2134,0.020295
2.229045,2135,0.020295
2.280900,2136,0.020295
2.280919,2137,0.020295
2.280924,2138,0.020295
2.280928,2139,-0.023652
2.280933,2140,0.020295
2.280936,2141,0.020295
2.280940,2142,0.020295
2.280943,2143,0.020295
2.280947,2144,-0.023652
2.280950,2145,-0.023652
2.280954,2146,0.020295
2.280957,2147,0.020295
2.280961,2148,-0.023652
2.280964,2149,-0.023652
2.280968,2150,-0.023652
2.280971,2151,-0.023652
2.280975,2152,0.020295
2.280978,2153,-0.023652
2.280982,2154,0.020295
2.280985,2155,0.020295
2.280988,2156,-0.023652
2.280992,2157,-0.023652
2.280995,2158,0.020295
2.280999,2159,0.020295
2.281002,2160,0.020295
2.281006,2161,0.020295
2.281009,2162,-0.023652
2.281013,2163,-0.023652
2.281016,2164,-0.023652
2.281020,2165,0.020295
2.281023,2166,-0.023652
2.281027,2167,0.020295
2.281030,2168,0.020295
2.281034,2169,-0.023652
2.281038,2170,-0.023652
2.281042,2171,-0.023652
2.281045,2172,-0.023652
2.281048,2173,-0.023652
2.281052,2174,0.020295
2.281055,2175,0.020295
2.281057,2176,0.020295
2.281060,2177,0.020295
2.281062,2178,-0.023652
2.281064,2179,-0.023652
2.281067,2180,0.020295
2.281069,2181,0.020295
2.281072,2182,0.020295
2.281074,2183,0.020295
2.281076,2184,0.020295
2.281079,2185,-0.023652
2.345756,2186,0.020295
2.345817,2187,0.020295
2.345822,2188,0.020295
2.345824,2189,-0.023652
2.345828,2190,-0.023652
2.345831,2191,0.020295
2.345834,2192,-0.023652
2.345837,2193,-0.023652
2.345840,2194,-0.023652
2.345843,2195,-0.023652
2.345845,2196,0.020295
2.345847,2197,0.020295
2.345850,2198,0.020295
2.345852,2199,0.020295
2.345855,2200,0.020295
2.345857,2201,0.020295
2.345860,2202,0.020295
2.345862,2203,0.020295
2.345865,2204,0.020295
2.345868,2205,0.020295
2.345870,2206,-0.023652
2.345873,2207,-0.023652
2.345875,2208,0.020295
2.345878,2209,-0.023652
2.345880,2210,-0.023652
2.345883,2211,-0.023652
2.345886,2212,-0.023652
2.345888,2213,0.020295
2.345890,2214,-0.023652
2.345893,2215,-0.023652
2.345895,2216,0.020295
2.345898,2217,0.020295
2.345900,2218,0.020295
2.345903,2219,0.020295
2.345905,2220,0.020295
2.345908,2221,-0.023652
2.345911,2222,0.020295
2.345913,2223,0.020295
2.345915,2224,-0.023652
2.345918,2225,-0.023652
2.345920,2226,0.020295
2.345922,2227,-0.023652
2.345925,2228,-0.023652
2.345928,2229,-0.023652
2.345930,2230,0.020295
2.345933,2231,0.020295
2.345935,2232,0.020295
2.345938,2233,-0.023652
2.345941,2234,-0.023652
2.345943,2235,-0.023652
2.411188,2236,0.020295
2.411239,2237,0.020295
2.411244,2238,0.020295
2.411247,2239,0.020295
2.411250,2240,0.020295
2.411252,2241,-0.023652
2.411256,2242,-0.023652
2.411259,2243,-0.023652
2.411262,2244,0.020295
2.411264,2245,-0.023652
2.411267,2246,-0.023652
2.411269,2247,0.020295
2.411272,2248,0.020295
2.411275,2249,-0.023652
2.411277,2250,0.020295
2.411279,2251,-0.023652
2.411282,2252,0.020295
2.411285,2253,-0.023652
2.411288,2254,0.020295
2.411290,2255,0.020295
2.411293,2256,0.020295
2.411295,2257,-0.023652
2.411297,2258,0.020295
2.411300,2259,0.020295
2.411303,2260,0.020295
2.411305,2261,-0.023652
2.411307,2262,-0.023652
2.411310,2263,-0.023652
2.411313,2264,0.020295
2.411315,2265,0.020295
2.411317,2266,0.020295
2.411320,2267,0.020295
2.411322,2268,0.020295
2.411324,2269,0.020295
2.411327,2270,-0.023652
2.411329,2271,-0.023652
2.411332,2272,0.020295
2.411334,2273,-0.023652
2.411337,2274,0.020295
2.411339,2275,0.020295
2.411342,2276,0.020295
2.411344,2277,-0.023652
2.411347,2278,0.020295
2.411349,2279,0.020295
2.411352,2280,-0.023652
2.411354,2281,0.020295
2.411356,2282,0.020295
2.411358,2283,-0.023652
2.411361,2284,0.020295
2.411363,2285,-0.023652
2.477437,2286,-0.023652
2.477474,2287,0.020295
2.477479,2288,0.020295
2.477482,2289,-0.023652
2.477485,2290,-0.023652
2.477488,2291,-0.023652
2.477491,2292,0.020295
2.477494,2293,-0.023652
2.477496,2294,-0.023652
2.477498,2295,-0.023652
2.477501,2296,0.020295
2.477504,2297,-0.023652
2.477506,2298,0.020295
2.477509,2299,0.020295
2.477511,2300,-0.023652
2.477513,2301,-0.023652
2.477516,2302,0.020295
2.477519,2303,-0.023652
2.477521,2304,0.020295
2.477524,2305,0.020295
2.477526,2306,0.020295
2.477529,2307,-0.023652
2.477531,2308,-0.023652
2.477565,2309,-0.023652
2.477568,2310,-0.023652
2.477571,2311,0.020295
2.477573,2312,0.020295
2.477575,2313,0.020295
2.477578,2314,0.020295
2.477580,2315,0.020295
2.477583,2316,0.020295
2.477585,2317,0.020295
2.477587,2318,-0.023652
2.477590,2319,0.020295
2.477592,2320,0.020295
2.477595,2321,-0.023652
2.477597,2322,0.020295
2.477600,2323,-0.023652
2.477602,2324,-0.023652
2.477605,2325,-0.023652
2.477607,2326,-0.023652
2.477610,2327,-0.023652
2.477612,2328,0.020295
2.477615,2329,-0.023652
2.477617,2330,-0.023652
2.477619,2331,-0.023652
2.477622,2332,-0.023652
2.477624,2333,-0.023652
2.477627,2334,-0.023652
2.477629,2335,0.020295
2.477632,2336,-0.023652
2.477634,2337,-0.023652
2.477637,2338,0.020295
2.477639,2339,0.020295
2.477641,2340,0.020295
2.477644,2341,0.020295
2.477646,2342,0.020295
2.477649,2343,0.020295
2.477651,2344,0.020295
2.477653,2345,-0.023652
2.477656,2346,-0.023652
2.477658,2347,0.020295
2.477660,2348,0.020295
2.477663,2349,-0.023652
2.477665,2350,-0.023652
2.477668,2351,0.020295
2.477670,2352,0.020295
2.477672,2353,0.020295
2.477675,2354,-0.023652
2.477677,2355,-0.023652
2.477679,2356,-0.023652
2.477682,2357,0.020295
2.477684,2358,-0.023652
2.477686,2359,-0.023652
2.477689,2360,-0.023652
2.477691,2361,-0.023652
2.477694,2362,0.020295
2.477696,2363,0.020295
2.477698,2364,-0.023652
2.477701,2365,0.020295
2.477703,2366,0.020295
2.477705,2367,-0.023652
2.477708,2368,-0.023652
2.477710,2369,-0.023652
2.477712,2370,-0.023652
2.477715,2371,-0.023652
2.477717,2372,0.020295
2.477720,2373,-0.023652
2.477722,2374,-0.023652
2.477724,2375,0.020295
2.477727,2376,-0.023652
2.477729,2377,0.020295
2.477731,2378,-0.023652
2.477734,2379,-0.023652
2.477736,2380,-0.023652
2.477739,2381,0.020295
2.477741,2382,-0.023652
2.477743,2383,0.020295
2.477746,2384,0.020295
2.477748,2385,-0.023652
2.543068,2386,-0.023652
2.543127,2387,0.020295
2.543134,2388,-0.023652
2.543139,2389,-0.023652
2.543143,2390,-0.023652
2.543146,2391,0.020295
2.543150,2392,-0.023652
2.543154,2393,0.020295
2.543157,2394,0.020295
2.543162,2395,-0.023652
2.543166,2396,0.020295
2.543169,2397,-0.023652
2.543173,2398,0.020295
2.543176,2399,-0.023652
2.543181,2400,0.020295
2.543184,2401,0.020295
2.543188,2402,-0.023652
2.543192,2403,-0.023652
2.543195,2404,-0.023652
2.543198,2405,0.020295
2.543201,2406,-0.023652
2.543204,2407,0.020295
2.543206,2408,-0.023652
2.543209,2409,0.020295
2.543211,2410,-0.023652
2.543214,2411,-0.023652
2.543216,2412,-0.023652
2.543219,2413,-0.023652
2.543222,2414,0.020295
2.543224,2415,-0.023652
2.543227,2416,-0.023652
2.543229,2417,0.020295
2.543231,2418,0.020295
2.543234,2419,-0.023652
2.543236,2420,-0.023652
2.543239,2421,0.020295
2.543242,2422,0.020295
2.543244,2423,0.020295
2.543246,2424,0.020295
2.543249,2425,0.020295
2.543251,2426,0.020295
2.543254,2427,0.020295
2.543256,2428,-0.023652
2.543258,2429,-0.023652
2.543262,2430,-0.023652
2.543264,2431,-0.023652
2.543267,2432,-0.023652
2.543269,2433,-0.023652
2.543271,2434,-0.023652
2.543274,2435,0.020295
2.607672,2436,0.020295
2.607705,2437,-0.023652
2.607710,2438,0.020295
2.607713,2439,0.020295
2.607716,2440,-0.023652
2.607719,2441,0.020295
2.607721,2442,0.020295
2.607724,2443,0.020295
2.607726,2444,-0.023652
2.607729,2445,0.020295
2.607731,2446,0.020295
2.607734,2447,-0.023652
2.607736,2448,0.020295
2.607739,2449,-0.023652
2.607741,2450,-0.023652
2.607744,2451,-0.023652
2.607746,2452,-0.023652
2.607749,2453,-0.023652
2.607751,2454,-0.023652
2.607753,2455,-0.023652
2.607756,2456,-0.023652
2.607758,2457,0.020295
2.607761,2458,0.020295
2.607763,2459,-0.023652
2.607766,2460,0.020295
2.607768,2461,0.020295
2.607770,2462,0.020295
2.607773,2463,-0.023652
2.607775,2464,0.020295
2.607778,2465,-0.023652
2.607781,2466,0.020295
2.607783,2467,-0.023652
2.607785,2468,-0.023652
2.607788,2469,0.020295
2.607790,2470,-0.023652
2.607792,2471,0.020295
2.607795,2472,0.020295
2.607798,2473,0.020295
2.607800,2474,-0.023652
2.607802,2475,-0.023652
2.607805,2476,0.020295
2.607807,2477,0.020295
2.607810,2478,0.020295
2.607812,2479,0.020295
2.607814,2480,-0.023652
2.607817,2481,0.020295
2.607819,2482,0.020295
2.607822,2483,0.020295
2.607824,2484,0.020295
2.607826,2485,0.020295
2.673462,2486,-0.023652
2.673530,2487,-0.023652
2.673535,2488,0.020295
2.673538,2489,-0.023652
2.673541,2490,-0.023652
2.673544,2491,-0.023652
2.673547,2492,-0.023652
2.673549,2493,0.020295
2.673552,2494,-0.023652
2.673554,2495,-0.023652
2.673557,2496,0.020295
2.673560,2497,0.020295
2.673562,2498,0.020295
2.673565,2499,-0.023652
2.673568,2500,0.020295
2.673570,2501,0.020295
2.673572,2502,0.020295
2.673575,2503,-0.023652
2.673577,2504,0.020295
2.673580,2505,0.020295
2.673583,2506,0.020295
2.673586,2507,0.020295
2.673589,2508,-0.023652
2.673591,2509,-0.023652
2.673594,2510,-0.023652
2.673596,2511,-0.023652
2.673599,2512,-0.023652
2.673601,2513,-0.023652
2.673603,2514,0.020295
2.673606,2515,-0.023652
2.673608,2516,0.020295
2.673610,2517,0.020295
2.673613,2518,0.020295
2.673615,2519,0.020295
2.673617,2520,0.020295
2.673620,2521,0.020295
2.673622,2522,0.020295
2.673625,2523,-0.023652
2.673627,2524,0.020295
2.673630,2525,0.020295
2.673632,2526,0.020295
2.673634,2527,-0.023652
2.673637,2528,0.020295
2.673639,2529,0.020295
2.673642,2530,0.020295
2.673644,2531,0.020295
2.673647,2532,-0.023652
2.673649,2533,0.020295
2.673651,2534,-0.023652
2.673654,2535,-0.023652
2.673656,2536,0.020295
2.673659,2537,0.020295
2.673661,2538,0.020295
2.673663,2539,-0.023652
2.673666,2540,0.020295
2.673668,2541,0.020295
2.673670,2542,0.020295
2.673673,2543,0.020295
2.673675,2544,0.020295
2.673677,2545,-0.023652
2.673680,2546,-0.023652
2.673682,2547,0.020295
2.673684,2548,-0.023652
2.673687,2549,-0.023652
2.673689,2550,0.020295
2.673691,2551,-0.023652
2.673694,2552,-0.023652
2.673696,2553,-0.023652
2.673699,2554,0.020295
2.673701,2555,-0.023652
2.673704,2556,0.020295
2.673706,2557,0.020295
2.673709,2558,0.020295
2.673711,2559,0.020295
2.673714,2560,-0.023652
2.673716,2561,0.020295
2.673718,2562,-0.023652
2.673721,2563,-0.023652
2.673724,2564,-0.023652
2.673726,2565,0.020295
2.673729,2566,-0.023652
2.673731,2567,0.020295
2.673734,2568,0.020295
2.673736,2569,-0.023652
2.673739,2570,-0.023652
2.673742,2571,-0.023652
2.673744,2572,0.020295
2.673746,2573,-0.023652
2.673748,2574,0.020295
2.673751,2575,-0.023652
2.673753,2576,0.020295
2.673755,2577,0.020295
2.673758,2578,0.020295
2.673760,2579,0.020295
2.673762,2580,0.020295
2.673765,2581,0.020295
2.673767,2582,-0.023652
2.673770,2583,0.020295
2.673772,2584,0.020295
2.673774,2585,0.020295
2.725288,2586,0.020295
2.725328,2587,-0.023652
2.725331,2588,0.020295
2.725332,2589,0.020295
2.725334,2590,-0.023652
2.725335,2591,-0.023652
2.725337,2592,-0.023652
2.725339,2593,0.020295
2.725340,2594,0.020295
2.725342,2595,0.020295
2.725343,2596,-0.023652
2.725344,2597,-0.023652
2.725345,2598,-0.023652
2.725347,2599,0.020295
2.725348,2600,0.020295
2.725350,2601,0.020295
2.725351,2602,0.020295
2.725352,2603,0.020295
2.725353,2604,0.020295
2.725355,2605,0.020295
2.725356,2606,0.020295
2.725357,2607,0.020295
2.725358,2608,-0.023652
2.725360,2609,-0.023652
2.725361,2610,0.020295
2.725362,2611,-0.023652
2.725363,2612,0.020295
2.725364,2613,0.020295
2.725365,2614,-0.023652
2.725366,2615,0.020295
2.725367,2616,0.020295
2.725369,2617,0.020295
2.725370,2618,-0.023652
2.725371,2619,-0.023652
2.725372,2620,0.020295
2.725373,2621,0.020295
2.725374,2622,0.020295
2.725376,2623,0.020295
2.725377,2624,0.020295
2.725378,2625,0.020295
2.725379,2626,0.020295
2.725380,2627,-0.023652
2.725381,2628,0.020295
2.725382,2629,-0.023652
2.725383,2630,0.020295
2.725385,2631,-0.023652
2.725386,2632,-0.023652
2.725387,2633,-0.023652
2.725388,2634,0.020295
2.725389,2635,0.020295
2.787946,2636,-0.023652
2.787979,2637,0.020295
2.787985,2638,0.020295
2.787989,2639,0.020295
2.787992,2640,0.020295
2.787995,2641,-0.023652
2.787999,2642,0.020295
2.788002,2643,0.020295
2.788005,2644,-0.023652
2.788009,2645,0.020295
2.788012,2646,0.020295
2.788015,2647,0.020295
2.788018,2648,-0.023652
2.788022,2649,-0.023652
2.788025,2650,0.020295
2.788028,2651,0.020295
2.788031,2652,-0.023652
2.788035,2653,-0.023652
2.788038,2654,0.020295
2.788041,2655,0.020295
2.788044,2656,0.020295
2.788048,2657,0.020295
2.788051,2658,-0.023652
2.788054,2659,0.020295
2.788057,2660,-0.023652
2.788061,2661,-0.023652
2.788064,2662,-0.023652
2.788068,2663,0.020295
2.788071,2664,-0.023652
2.788075,2665,-0.023652
2.788078,2666,-0.023652
2.788081,2667,0.020295
2.788085,2668,-0.023652
2.788088,2669,0.020295
2.788091,2670,-0.023652
2.788094,2671,-0.023652
2.788098,2672,-0.023652
2.788101,2673,0.020295
2.788104,2674,-0.023652
2.788107,2675,0.020295
2.788111,2676,-0.023652
2.788114,2677,0.020295
2.788117,2678,0.020295
2.788121,2679,0.020295
2.788124,2680,-0.023652
2.788127,2681,0.020295
2.788130,2682,0.020295
2.788133,2683,-0.023652
2.788137,2684,-0.023652
2.788140,2685,0.020295
2.849921,2686,0.020295
2.849975,2687,0.020295
2.849979,2688,0.020295
2.849982,2689,-0.023652
2.849987,2690,0.020295
2.849989,2691,-0.023652
2.849992,2692,-0.023652
2.849995,2693,-0.023652
2.849998,2694,-0.023652
2.850001,2695,0.020295
2.850003,2696,0.020295
2.850006,2697,-0.023652
2.850008,2698,0.020295
2.850011,2699,-0.023652
2.850013,2700,-0.023652
2.850016,2701,0.020295
2.850018,2702,0.020295
2.850021,2703,0.020295
2.850024,2704,-0.023652
2.850027,2705,-0.023652
2.850032,2706,0.020295
2.850036,2707,0.020295
2.850039,2708,0.020295
2.850042,2709,-0.023652
2.850045,2710,-0.023652
2.850048,2711,-0.023652
2.850051,2712,-0.023652
2.850053,2713,-0.023652
2.850056,2714,-0.023652
2.850059,2715,-0.023652
2.850062,2716,0.020295
2.850065,2717,0.020295
2.850067,2718,0.020295
2.850070,2719,0.020295
2.850073,2720,-0.023652
2.850076,2721,0.020295
2.850078,2722,0.020295
2.850081,2723,-0.023652
2.850084,2724,-0.023652
2.850087,2725,-0.023652
2.850090,2726,-0.023652
2.850093,2727,0.020295
2.850096,2728,-0.023652
2.850098,2729,0.020295
2.850101,2730,0.020295
2.850104,2731,0.020295
2.850106,2732,0.020295
2.850109,2733,0.020295
2.850112,2734,0.020295
2.850115,2735,0.020295
2.915770,2736,0.020295
2.915804,2737,-0.023652
2.915809,2738,0.020295
2.915812,2739,-0.023652
2.915814,2740,0.020295
2.915817,2741,0.020295
2.915820,2742,-0.023652
2.915822,2743,0.020295
2.915825,2744,0.020295
2.915827,2745,-0.023652
2.915830,2746,-0.023652
2.915832,2747,0.020295
2.915835,2748,0.020295
2.915837,2749,-0.023652
2.915840,2750,-0.023652
2.915842,2751,-0.023652
2.915845,2752,-0.023652
2.915847,2753,-0.023652
2.915850,2754,-0.023652
2.915852,2755,-0.023652
2.915855,2756,-0.023652
2.915857,2757,-0.023652
2.915860,2758,-0.023652
2.915863,2759,-0.023652
2.915865,2760,0.020295
2.915868,2761,0.020295
2.915870,2762,-0.023652
2.915873,2763,0.020295
2.915875,2764,-0.023652
2.915878,2765,0.020295
2.915880,2766,0.020295
2.915882,2767,-0.023652
2.915885,2768,0.020295
2.915887,2769,-0.023652
2.915890,2770,-0.023652
2.915892,2771,-0.023652
2.915894,2772,0.020295
2.915897,2773,0.020295
2.915899,2774,0.020295
2.915901,2775,-0.023652
2.915904,2776,0.020295
2.915906,2777,0.020295
2.915909,2778,0.020295
2.915911,2779,-0.023652
2.915913,2780,0.020295
2.915916,2781,-0.023652
2.915918,2782,0.020295
2.915920,2783,-0.023652
2.915923,2784,0.020295
2.915925,2785,-0.023652
2.980857,2786,-0.023652
2.980911,2787,-0.023652
2.980916,2788,-0.023652
2.980920,2789,0.020295
2.980923,2790,-0.023652
2.980926,2791,-0.023652
2.980929,2792,-0.023652
2.980932,2793,-0.023652
2.980934,2794,0.020295
2.980936,2795,0.020295
2.980939,2796,0.020295
2.980942,2797,-0.023652
2.980944,2798,0.020295
2.980947,2799,-0.023652
2.980949,2800,0.020295
2.980952,2801,0.020295
2.980954,2802,0.020295
2.980956,2803,0.020295
2.980959,2804,-0.023652
2.980961,2805,-0.023652
2.980964,2806,-0.023652
2.980966,2807,-0.023652
2.980969,2808,-0.023652
2.980972,2809,-0.023652
2.980974,2810,-0.023652
2.980977,2811,-0.023652
2.980979,2812,-0.023652
2.980982,2813,0.020295
2.980984,2814,0.020295
2.980987,2815,-0.023652
2.980990,2816,0.020295
2.980992,2817,-0.023652
2.980995,2818,0.020295
2.980997,2819,0.020295
2.981000,2820,-0.023652
2.981002,2821,-0.023652
2.981004,2822,-0.023652
2.981007,2823,0.020295
2.981009,2824,0.020295
2.981012,2825,0.020295
2.981014,2826,0.020295
2.981016,2827,-0.023652
2.981019,2828,-0.023652
2.981022,2829,-0.023652
2.981024,2830,0.020295
2.981026,2831,-0.023652
2.981028,2832,0.020295
2.981031,2833,-0.023652
2.981033,2834,0.020295
2.981036,2835,0.020295
2.981038,2836,0.020295
2.981040,2837,0.020295
2.981043,2838,0.020295
2.981045,2839,0.020295
2.981047,2840,-0.023652
2.981050,2841,0.020295
2.981052,2842,0.020295
2.981054,2843,0.020295
2.981057,2844,-0.023652
2.981059,2845,0.020295
2.981062,2846,-0.023652
2.981064,2847,0.020295
2.981067,2848,0.020295
2.981069,2849,0.020295
2.981071,2850,-0.023652
2.981074,2851,-0.023652
2.981077,2852,-0.023652
2.981080,2853,-0.023652
2.981082,2854,0.020295
2.981085,2855,0.020295
2.981087,2856,0.020295
2.981089,2857,0.020295
2.981092,2858,0.020295
2.981094,2859,-0.023652
2.981097,2860,0.020295
2.981100,2861,0.020295
2.981102,2862,0.020295
2.981104,2863,-0.023652
2.981107,2864,0.020295
2.981109,2865,0.020295
2.981111,2866,-0.023652
2.981114,2867,-0.023652
2.981116,2868,0.020295
2.981119,2869,0.020295
2.981121,2870,-0.023652
2.981123,2871,0.020295
2.981125,2872,-0.023652
2.981128,2873,-0.023652
2.981131,2874,0.020295
2.981133,2875,0.020295
2.981136,2876,0.020295
2.981138,2877,-0.023652
2.981140,2878,0.020295
2.981143,2879,-0.023652
2.981145,2880,0.020295
2.981147,2881,-0.023652
2.981150,2882,0.020295
2.981152,2883,0.020295
2.981155,2884,0.020295
2.981286,2885,0.020295
3.045327,2886,0.020295
3.045382,2887,0.020295
3.045387,2888,-0.023652
3.045390,2889,-0.023652
3.045394,2890,0.020295
3.045396,2891,-0.023652
3.045399,2892,-0.023652
3.045402,2893,0.020295
3.045404,2894,-0.023652
3.045407,2895,-0.023652
3.045410,2896,-0.023652
3.045413,2897,0.020295
3.045416,2898,0.020295
3.045418,2899,-0.023652
3.045421,2900,-0.023652
3.045423,2901,0.020295
3.045426,2902,-0.023652
3.045429,2903,0.020295
3.045431,2904,0.020295
3.045434,2905,-0.023652
3.045436,2906,-0.023652
3.045439,2907,0.020295
3.045441,2908,-0.023652
3.045444,2909,0.020295
3.045446,2910,-0.023652
3.045449,2911,-0.023652
3.045452,2912,0.020295
3.045455,2913,-0.023652
3.045457,2914,-0.023652
3.045460,2915,0.020295
3.045462,2916,0.020295
3.045464,2917,0.020295
3.045467,2918,0.020295
3.045469,2919,0.020295
3.045471,2920,0.020295
3.045474,2921,-0.023652
3.045476,2922,-0.023652
3.045479,2923,0.020295
3.045481,2924,-0.023652
3.045483,2925,-0.023652
3.045486,2926,0.020295
3.045488,2927,-0.023652
3.045490,2928,0.020295
3.045493,2929,0.020295
3.045495,2930,0.020295
3.045498,2931,-0.023652
3.045500,2932,0.020295
3.045502,2933,0.020295
3.045505,2934,0.020295
3.045507,2935,0.020295
3.095856,2936,0.020295
3.095911,2937,0.020295
3.095915,2938,-0.023652
3.095919,2939,-0.023652
3.095922,2940,-0.023652
3.095925,2941,0.020295
3.095927,2942,0.020295
3.095930,2943,0.020295
3.095933,2944,-0.023652
3.095935,2945,0.020295
3.095938,2946,-0.023652
3.095940,2947,0.020295
3.095943,2948,-0.023652
3.095945,2949,-0.023652
3.095948,2950,0.020295
3.095950,2951,-0.023652
3.095953,2952,0.020295
3.095956,2953,-0.023652
3.095958,2954,0.020295
3.095961,2955,0.020295
3.095963,2956,-0.023652
3.095966,2957,-0.023652
3.095969,2958,0.020295
3.095971,2959,-0.023652
3.095974,2960,0.020295
3.095976,2961,-0.023652
3.095979,2962,0.020295
3.095982,2963,0.020295
3.095984,2964,-0.023652
3.095987,2965,0.020295
3.095990,2966,0.020295
3.095992,2967,-0.023652
3.095995,2968,0.020295
3.095997,2969,0.020295
3.096000,2970,0.020295
3.096002,2971,-0.023652
3.096004,2972,-0.023652
3.096007,2973,0.020295
3.096009,2974,0.020295
3.096011,2975,-0.023652
3.096014,2976,0.020295
3.096017,2977,0.020295
3.096019,2978,0.020295
3.096021,2979,0.020295
3.096024,2980,0.020295
3.096026,2981,0.020295
3.096029,2982,-0.023652
3.096031,2983,0.020295
3.096034,2984,0.020295
3.096036,2985,-0.023652
3.161121,2986,0.020295
3.161164,2987,0.020295
3.161213,2988,0.020295
3.161228,2989,-0.023652
3.161232,2990,-0.023652
3.161235,2991,-0.023652
3.161238,2992,0.020295
3.161240,2993,-0.023652
3.161243,2994,-0.023652
3.161246,2995,0.020295
3.161248,2996,0.020295
3.161252,2997,-0.023652
3.161255,2998,0.020295
3.161257,2999,-0.023652
3.161260,3000,0.020295
3.161262,3001,0.020295
3.161265,3002,-0.023652
3.161267,3003,-0.023652
3.161270,3004,0.020295
3.161272,3005,0.020295
3.161275,3006,-0.023652
3.161277,3007,0.020295
3.161280,3008,-0.023652
3.161282,3009,0.020295
3.161284,3010,-0.023652
3.161287,3011,-0.023652
3.161289,3012,-0.023652
3.161292,3013,-0.023652
3.161294,3014,0.020295
3.161297,3015,-0.023652
3.161299,3016,0.020295
3.161301,3017,0.020295
3.161304,3018,0.020295
3.161306,3019,0.020295
3.161309,3020,-0.023652
3.161311,3021,0.020295
3.161313,3022,-0.023652
3.161316,3023,-0.023652
3.161318,3024,-0.023652
3.161321,3025,0.020295
3.161323,3026,0.020295
3.161325,3027,0.020295
3.161328,3028,-0.023652
3.161330,3029,0.020295
3.161333,3030,-0.023652
3.161335,3031,0.020295
3.161338,3032,0.020295
3.161340,3033,-0.023652
3.161343,3034,-0.023652
3.161345,3035,0.020295
3.215827,3036,-0.023652
3.215866,3037,-0.023652
3.215870,3038,0.020295
3.215873,3039,0.020295
3.215876,3040,-0.023652
3.215879,3041,0.020295
3.215881,3042,0.020295
3.215884,3043,0.020295
3.215887,3044,0.020295
3.215889,3045,-0.023652
3.215892,3046,0.020295
3.215894,3047,-0.023652
3.215897,3048,0.020295
3.215899,3049,-0.023652
3.215902,3050,-0.023652
3.215904,3051,-0.023652
3.215907,3052,-0.023652
3.215909,3053,-0.023652
3.215912,3054,-0.023652
3.215915,3055,0.020295
3.215917,3056,0.020295
3.215920,3057,0.020295
3.215922,3058,0.020295
3.215925,3059,-0.023652
3.215927,3060,0.020295
3.215930,3061,0.020295
3.215932,3062,0.020295
3.215934,3063,-0.023652
3.215937,3064,0.020295
3.215939,3065,-0.023652
3.215942,3066,0.020295
3.215944,3067,-0.023652
3.215947,3068,0.020295
3.215949,3069,0.020295
3.215952,3070,-0.023652
3.215954,3071,0.020295
3.215957,3072,0.020295
3.215959,3073,0.020295
3.215962,3074,0.020295
3.215965,3075,0.020295
3.215967,3076,0.020295
3.215969,3077,-0.023652
3.215972,3078,0.020295
3.215974,3079,0.020295
3.215976,3080,0.020295
3.215978,3081,0.020295
3.215981,3082,0.020295
3.215984,3083,-0.023652
3.215986,3084,0.020295
3.215988,3085,0.020295
3.267814,3086,0.020295
3.267853,3087,0.020295
3.267857,3088,0.020295
3.267860,3089,-0.023652
3.267864,3090,0.020295
3.267867,3091,0.020295
3.267870,3092,0.020295
3.267873,3093,0.020295
3.267876,3094,-0.023652
3.267879,3095,-0.023652
3.267882,3096,-0.023652
3.267885,3097,0.020295
3.267887,3098,-0.023652
3.267890,3099,0.020295
3.267893,3100,0.020295
3.267895,3101,-0.023652
3.267898,3102,-0.023652
3.267901,3103,-0.023652
3.267904,3104,0.020295
3.267907,3105,0.020295
3.267910,3106,0.020295
3.267912,3107,0.020295
3.267915,3108,0.020295
3.267917,3109,0.020295
3.267920,3110,-0.023652
3.267923,3111,0.020295
3.267925,3112,0.020295
3.267928,3113,0.020295
3.267930,3114,-0.023652
3.267933,3115,0.020295
3.267936,3116,0.020295
3.267939,3117,-0.023652
3.267941,3118,-0.023652
3.267944,3119,-0.023652
3.267947,3120,0.020295
3.267949,3121,-0.023652
3.267952,3122,0.020295
3.267955,3123,-0.023652
3.267957,3124,0.020295
3.267960,3125,0.020295
3.267962,3126,0.020295
3.267965,3127,-0.023652
3.267968,3128,-0.023652
3.267971,3129,-0.023652
3.267974,3130,-0.023652
3.267976,3131,-0.023652
3.267979,3132,0.020295
3.267982,3133,-0.023652
3.267985,3134,0.020295
3.267987,3135,-0.023652
3.267990,3136,-0.023652
3.267993,3137,-0.023652
3.267995,3138,0.020295
3.267998,3139,-0.023652
3.268000,3140,0.020295
3.268003,3141,0.020295
3.268006,3142,0.020295
3.268009,3143,0.020295
3.268011,3144,0.020295
3.268014,3145,-0.023652
3.268016,3146,0.020295
3.268019,3147,-0.023652
3.268022,3148,0.020295
3.268024,3149,-0.023652
3.268027,3150,-0.023652
3.268030,3151,-0.023652
3.268032,3152,0.020295
3.268035,3153,-0.023652
3.268038,3154,0.020295
3.268041,3155,0.020295
3.268044,3156,0.020295
3.268046,3157,-0.023652
3.268049,3158,-0.023652
3.268051,3159,0.020295
3.268054,3160,0.020295
3.268057,3161,-0.023652
3.268059,3162,-0.023652
3.268062,3163,-0.023652
3.268065,3164,0.020295
3.268067,3165,0.020295
3.268070,3166,-0.023652
3.268073,3167,0.020295
3.268076,3168,-0.023652
3.268078,3169,0.020295
3.268081,3170,-0.023652
3.268083,3171,-0.023652
3.268086,3172,-0.023652
3.268089,3173,-0.023652
3.268092,3174,0.020295
3.268094,3175,-0.023652
3.268097,3176,0.020295
3.268100,3177,0.020295
3.268102,3178,0.020295
3.268105,3179,0.020295
3.268108,3180,0.020295
3.268110,3181,0.020295
3.268113,3182,-0.023652
3.268115,3183,-0.023652
3.268118,3184,0.020295
3.268121,3185,-0.023652
3.333481,3186,0.020295
3.333516,3187,-0.023652
3.333521,3188,0.020295
3.333524,3189,-0.023652
3.333527,3190,0.020295
3.333529,3191,-0.023652
3.333532,3192,-0.023652
3.333535,3193,0.020295
3.333537,3194,-0.023652
3.333540,3195,-0.023652
3.333543,3196,-0.023652
3.333545,3197,0.020295
3.333547,3198,0.020295
3.333550,3199,0.020295
3.333552,3200,-0.023652
3.333555,3201,0.020295
3.333557,3202,0.020295
3.333559,3203,0.020295
3.333562,3204,0.020295
3.333564,3205,-0.023652
3.333567,3206,0.020295
3.333569,3207,0.020295
3.333572,3208,-0.023652
3.333574,3209,0.020295
3.333577,3210,-0.023652
3.333580,3211,0.020295
3.333582,3212,-0.023652
3.333585,3213,-0.023652
3.333587,3214,-0.023652
3.333589,3215,0.020295
3.333592,3216,0.020295
3.333594,3217,0.020295
3.333596,3218,-0.023652
3.333599,3219,0.020295
3.333601,3220,0.020295
3.333603,3221,0.020295
3.333606,3222,-0.023652
3.333608,3223,-0.023652
3.333610,3224,0.020295
3.333613,3225,0.020295
3.333615,3226,-0.023652
3.333618,3227,0.020295
3.333620,3228,0.020295
3.333622,3229,-0.023652
3.333625,3230,-0.023652
3.333627,3231,0.020295
3.333629,3232,-0.023652
3.333632,3233,0.020295
3.333634,3234,-0.023652
3.333637,3235,0.020295
3.399789,3236,0.020295
3.399847,3237,0.020295
3.399851,3238,0.020295
3.399854,3239,-0.023652
3.399858,3240,-0.023652
3.399860,3241,-0.023652
3.399863,3242,0.020295
3.399866,3243,0.020295
3.399869,3244,-0.023652
3.399871,3245,-0.023652
3.399874,3246,-0.023652
3.399877,3247,0.020295
3.399879,3248,-0.023652
3.399882,3249,-0.023652
3.399885,3250,-0.023652
3.399888,3251,-0.023652
3.399891,3252,0.020295
3.399894,3253,-0.023652
3.399897,3254,0.020295
3.399900,3255,0.020295
3.399902,3256,0.020295
3.399905,3257,0.020295
3.399907,3258,-0.023652
3.399910,3259,-0.023652
3.399912,3260,0.020295
3.399915,3261,0.020295
3.399918,3262,-0.023652
3.399920,3263,0.020295
3.399923,3264,0.020295
3.399925,3265,0.020295
3.399928,3266,-0.023652
3.399931,3267,0.020295
3.399933,3268,-0.023652
3.399936,3269,-0.023652
3.399938,3270,0.020295
3.399941,3271,-0.023652
3.399943,3272,0.020295
3.399945,3273,-0.023652
3.399948,3274,0.020295
3.399951,3275,-0.023652
3.399953,3276,0.020295
3.399955,3277,0.020295
3.399958,3278,0.020295
3.399960,3279,0.020295
3.399962,3280,0.020295
3.399965,3281,0.020295
3.399967,3282,0.020295
3.399970,3283,0.020295
3.399972,3284,-0.023652
3.399975,3285,-0.023652
3.465504,3286,0.020295
3.465559,3287,-0.023652
3.465566,3288,0.020295
3.465569,3289,-0.023652
3.465572,3290,-0.023652
3.465575,3291,-0.023652
3.465577,3292,-0.023652
3.465581,3293,0.020295
3.465583,3294,0.020295
3.465586,3295,-0.023652
3.465589,3296,0.020295
3.465592,3297,0.020295
3.465594,3298,0.020295
3.465597,3299,0.020295
3.465599,3300,-0.023652
3.465602,3301,-0.023652
3.465605,3302,0.020295
3.465607,3303,-0.023652
3.465610,3304,0.020295
3.465613,3305,0.020295
3.465616,3306,-0.023652
3.465618,3307,0.020295
3.465620,3308,-0.023652
3.465623,3309,-0.023652
3.465625,3310,-0.023652
3.465628,3311,0.020295
3.465630,3312,-0.023652
3.465633,3313,0.020295
3.465635,3314,0.020295
3.465638,3315,0.020295
3.465640,3316,0.020295
3.465643,3317,0.020295
3.465646,3318,0.020295
3.465648,3319,0.020295
3.465650,3320,-0.023652
3.465653,3321,-0.023652
3.465655,3322,-0.023652
3.465663,3323,0.020295
3.465665,3324,0.020295
3.465668,3325,0.020295
3.465670,3326,-0.023652
3.465672,3327,-0.023652
3.465675,3328,0.020295
3.465678,3329,-0.023652
3.465680,3330,-0.023652
3.465683,3331,-0.023652
3.465685,3332,-0.023652
3.465688,3333,-0.023652
3.465690,3334,0.020295
3.465693,3335,0.020295
3.465695,3336,0.020295
3.465698,3337,0.020295
3.465700,3338,-0.023652
3.465702,3339,-0.023652
3.465705,3340,-0.023652
3.465707,3341,-0.023652
3.465709,3342,-0.023652
3.465712,3343,0.020295
3.465715,3344,-0.023652
3.465717,3345,-0.023652
3.465719,3346,-0.023652
3.465722,3347,0.020295
3.465724,3348,0.020295
3.465726,3349,-0.023652
3.465729,3350,-0.023652
3.465731,3351,-0.023652
3.465733,3352,-0.023652
3.465736,3353,-0.023652
3.465738,3354,0.020295
3.465741,3355,0.020295
3.465743,3356,0.020295
3.465745,3357,0.020295
3.465747,3358,-0.023652
3.465750,3359,0.020295
3.465752,3360,-0.023652
3.465755,3361,-0.023652
3.465757,3362,-0.023652
3.465760,3363,0.020295
3.465762,3364,-0.023652
3.465765,3365,0.020295
3.465767,3366,-0.023652
3.465769,3367,0.020295
3.465772,3368,-0.023652
3.465774,3369,-0.023652
3.465776,3370,0.020295
3.465779,3371,0.020295
3.465781,3372,-0.023652
3.465784,3373,-0.023652
3.465786,3374,-0.023652
3.465836,3375,-0.023652
3.465839,3376,0.020295
3.465841,3377,-0.023652
3.465844,3378,0.020295
3.465846,3379,0.020295
3.465848,3380,0.020295
3.465851,3381,-0.023652
3.465853,3382,0.020295
3.465856,3383,-0.023652
3.465858,3384,-0.023652
3.465860,3385,0.020295
3.532360,3386,0.020295
3.532413,3387,-0.023652
3.532418,3388,0.020295
3.532421,3389,0.020295
3.532424,3390,0.020295
3.532427,3391,-0.023652
3.532430,3392,0.020295
3.532433,3393,-0.023652
3.532436,3394,-0.023652
3.532439,3395,0.020295
3.532441,3396,0.020295
3.532444,3397,0.020295
3.532446,3398,0.020295
3.532448,3399,0.020295
3.532451,3400,0.020295
3.532454,3401,-0.023652
3.532456,3402,0.020295
3.532459,3403,0.020295
3.532461,3404,-0.023652
3.532464,3405,0.020295
3.532466,3406,-0.023652
3.532469,3407,0.020295
3.532472,3408,-0.023652
3.532474,3409,-0.023652
3.532477,3410,-0.023652
3.532479,3411,-0.023652
3.532482,3412,-0.023652
3.532484,3413,-0.023652
3.532487,3414,-0.023652
3.532489,3415,0.020295
3.532492,3416,0.020295
3.532494,3417,-0.023652
3.532497,3418,0.020295
3.532500,3419,-0.023652
3.532502,3420,0.020295
3.532504,3421,0.020295
3.532507,3422,-0.023652
3.532509,3423,0.020295
3.532512,3424,-0.023652
3.532515,3425,-0.023652
3.532517,3426,-0.023652
3.532520,3427,0.020295
3.532523,3428,0.020295
3.532525,3429,-0.023652
3.532528,3430,0.020295
3.532530,3431,-0.023652
3.532532,3432,-0.023652
3.532535,3433,-0.023652
3.532537,3434,-0.023652
3.532540,3435,0.020295
3.582916,3436,0.020295
3.582967,3437,0.020295
3.582971,3438,-0.023652
3.582974,3439,0.020295
3.582978,3440,0.020295
3.582981,3441,0.020295
3.582983,3442,-0.023652
3.582986,3443,0.020295
3.582989,3444,-0.023652
3.582992,3445,0.020295
3.582994,3446,0.020295
3.582997,3447,-0.023652
3.583000,3448,0.020295
3.583002,3449,-0.023652
3.583005,3450,-0.023652
3.583007,3451,-0.023652
3.583010,3452,-0.023652
3.583013,3453,0.020295
3.583015,3454,-0.023652
3.583019,3455,-0.023652
3.583021,3456,-0.023652
3.583024,3457,0.020295
3.583026,3458,0.020295
3.583028,3459,0.020295
3.583031,3460,0.020295
3.583033,3461,0.020295
3.583036,3462,-0.023652
3.583038,3463,-0.023652
3.583041,3464,-0.023652
3.583044,3465,0.020295
3.583046,3466,-0.023652
3.583048,3467,-0.023652
3.583051,3468,0.020295
3.583053,3469,-0.023652
3.583056,3470,0.020295
3.583058,3471,-0.023652
3.583061,3472,-0.023652
3.583063,3473,0.020295
3.583066,3474,-0.023652
3.583068,3475,-0.023652
3.583071,3476,0.020295
3.583074,3477,-0.023652
3.583076,3478,-0.023652
3.583079,3479,0.020295
3.583081,3480,0.020295
3.583084,3481,0.020295
3.583086,3482,0.020295
3.583089,3483,-0.023652
3.583091,3484,0.020295
3.583093,3485,-0.023652
3.649977,3486,-0.023652
3.650027,3487,0.020295
3.650032,3488,0.020295
3.650035,3489,-0.023652
3.650038,3490,-0.023652
3.650041,3491,-0.023652
3.650043,3492,0.020295
3.650046,3493,0.020295
3.650049,3494,-0.023652
3.650052,3495,-0.023652
3.650054,3496,-0.023652
3.650057,3497,0.020295
3.650060,3498,0.020295
3.650062,3499,0.020295
3.650065,3500,-0.023652
3.650068,3501,-0.023652
3.650071,3502,0.020295
3.650073,3503,0.020295
3.650075,3504,0.020295
3.650078,3505,0.020295
3.650081,3506,-0.023652
3.650083,3507,0.020295
3.650086,3508,-0.023652
3.650088,3509,-0.023652
3.650092,3510,-0.023652
3.650095,3511,-0.023652
3.650098,3512,-0.023652
3.650100,3513,-0.023652
3.650103,3514,0.020295
3.650105,3515,-0.023652
3.650108,3516,0.020295
3.650110,3517,-0.023652
3.650113,3518,-0.023652
3.650115,3519,0.020295
3.650117,3520,0.020295
3.650120,3521,-0.023652
3.650123,3522,0.020295
3.650125,3523,-0.023652
3.650128,3524,-0.023652
3.650130,3525,-0.023652
3.650133,3526,0.020295
3.650135,3527,-0.023652
3.650138,3528,0.020295
3.650140,3529,-0.023652
3.650142,3530,0.020295
3.650145,3531,-0.023652
3.650147,3532,0.020295
3.650150,3533,0.020295
3.650152,3534,0.020295
3.650154,3535,-0.023652
3.715943,3536,0.020295
3.715978,3537,0.020295
3.715981,3538,0.020295
3.715984,3539,-0.023652
3.715987,3540,0.020295
3.715990,3541,0.020295
3.715993,3542,0.020295
3.715995,3543,-0.023652
3.715998,3544,-0.023652
3.716001,3545,-0.023652
3.716003,3546,-0.023652
3.716006,3547,-0.023652
3.716008,3548,-0.023652
3.716011,3549,-0.023652
3.716013,3550,-0.023652
3.716016,3551,-0.023652
3.716018,3552,0.020295
3.716021,3553,-0.023652
3.716023,3554,0.020295
3.716026,3555,0.020295
3.716028,3556,0.020295
3.716031,3557,0.020295
3.716033,3558,-0.023652
3.716036,3559,-0.023652
3.716038,3560,0.020295
3.716041,3561,0.020295
3.716043,3562,-0.023652
3.716046,3563,-0.023652
3.716048,3564,-0.023652
3.716051,3565,-0.023652
3.716053,3566,0.020295
3.716056,3567,-0.023652
3.716058,3568,-0.023652
3.716060,3569,0.020295
3.716063,3570,-0.023652
3.716065,3571,-0.023652
3.716068,3572,-0.023652
3.716070,3573,0.020295
3.716073,3574,0.020295
3.716075,3575,0.020295
3.716077,3576,-0.023652
3.716080,3577,0.020295
3.716082,3578,-0.023652
3.716084,3579,-0.023652
3.716087,3580,-0.023652
3.716089,3581,-0.023652
3.716092,3582,0.020295
3.716094,3583,-0.023652
3.716096,3584,-0.023652
3.716099,3585,0.020295
3.716101,3586,-0.023652
3.716103,3587,-0.023652
3.716105,3588,0.020295
3.716108,3589,0.020295
3.716110,3590,-0.023652
3.716113,3591,-0.023652
3.716115,3592,-0.023652
3.716118,3593,-0.023652
3.716120,3594,-0.023652
3.716122,3595,0.020295
3.716125,3596,0.020295
3.716127,3597,-0.023652
3.716130,3598,-0.023652
3.716132,3599,-0.023652
3.716134,3600,0.020295
3.716137,3601,0.020295
3.716139,3602,0.020295
3.716142,3603,0.020295
3.716144,3604,0.020295
3.716146,3605,0.020295
3.716149,3606,0.020295
3.716151,3607,-0.023652
3.716153,3608,0.020295
3.716156,3609,0.020295
3.716158,3610,-0.023652
3.716160,3611,0.020295
3.716162,3612,0.020295
3.716165,3613,0.020295
3.716167,3614,0.020295
3.716169,3615,0.020295
3.716171,3616,0.020295
3.716174,3617,0.020295
3.716176,3618,0.020295
3.716179,3619,-0.023652
3.716181,3620,0.020295
3.716183,3621,0.020295
3.716185,3622,0.020295
3.716188,3623,0.020295
3.716190,3624,-0.023652
3.716192,3625,0.020295
3.716195,3626,0.020295
3.716197,3627,0.020295
3.716200,3628,0.020295
3.716202,3629,-0.023652
3.716204,3630,0.020295
3.716207,3631,-0.023652
3.716209,3632,0.020295
3.716211,3633,0.020295
3.716214,3634,-0.023652
3.716216,3635,0.020295
3.782253,3636,-0.023652
3.782307,3637,0.020295
3.782311,3638,-0.023652
3.782315,3639,0.020295
3.782318,3640,-0.023652
3.782320,3641,-0.023652
3.782323,3642,-0.023652
3.782326,3643,0.020295
3.782329,3644,0.020295
3.782332,3645,0.020295
3.782334,3646,0.020295
3.782337,3647,-0.023652
3.782339,3648,-0.023652
3.782342,3649,-0.023652
3.782345,3650,-0.023652
3.782347,3651,0.020295
3.782350,3652,0.020295
3.782352,3653,0.020295
3.782354,3654,0.020295
3.782357,3655,0.020295
3.782359,3656,0.020295
3.782362,3657,0.020295
3.782364,3658,0.020295
3.782367,3659,-0.023652
3.782369,3660,0.020295
3.782371,3661,0.020295
3.782374,3662,-0.023652
3.782376,3663,-0.023652
3.782379,3664,-0.023652
3.782382,3665,0.020295
3.782384,3666,0.020295
3.782386,3667,-0.023652
3.782389,3668,0.020295
3.782392,3669,0.020295
3.782394,3670,-0.023652
3.782397,3671,0.020295
3.782399,3672,0.020295
3.782402,3673,-0.023652
3.782404,3674,0.020295
3.782407,3675,0.020295
3.782409,3676,0.020295
3.782412,3677,0.020295
3.782414,3678,0.020295
3.782417,3679,0.020295
3.782419,3680,-0.023652
3.782421,3681,-0.023652
3.782424,3682,0.020295
3.782426,3683,0.020295
3.782429,3684,-0.023652
3.782431,3685,0.020295
3.846326,3686,-0.023652
3.846342,3687,0.020295
3.846346,3688,-0.023652
3.846349,3689,-0.023652
3.846352,3690,0.020295
3.846354,3691,0.020295
3.846357,3692,-0.023652
3.846372,3693,0.020295
3.846374,3694,0.020295
3.846377,3695,-0.023652
3.846380,3696,-0.023652
3.846382,3697,0.020295
3.846385,3698,0.020295
3.846387,3699,0.020295
3.846389,3700,0.020295
3.846392,3701,-0.023652
3.846395,3702,0.020295
3.846397,3703,-0.023652
3.846399,3704,0.020295
3.846402,3705,0.020295
3.846405,3706,0.020295
3.846407,3707,-0.023652
3.846410,3708,0.020295
3.846412,3709,-0.023652
3.846414,3710,-0.023652
3.846417,3711,-0.023652
3.846420,3712,0.020295
3.846422,3713,-0.023652
3.846424,3714,-0.023652
3.846427,3715,0.020295
3.846429,3716,0.020295
3.846432,3717,0.020295
3.846434,3718,-0.023652
3.846436,3719,0.020295
3.846439,3720,0.020295
3.846441,3721,-0.023652
3.846443,3722,0.020295
3.846446,3723,-0.023652
3.846448,3724,0.020295
3.846450,3725,0.020295
3.846452,3726,0.020295
3.846455,3727,-0.023652
3.846457,3728,0.020295
3.846459,3729,0.020295
3.846462,3730,-0.023652
3.846464,3731,-0.023652
3.846467,3732,-0.023652
3.846469,3733,-0.023652
3.846472,3734,0.020295
3.846474,3735,0.020295
3.898485,3736,0.020295
3.898539,3737,0.020295
3.898543,3738,-0.023652
3.898547,3739,0.020295
3.898550,3740,0.020295
3.898553,3741,0.020295
3.898556,3742,0.020295
3.898559,3743,-0.023652
3.898562,3744,0.020295
3.898564,3745,0.020295
3.898566,3746,0.020295
3.898569,3747,0.020295
3.898571,3748,-0.023652
3.898574,3749,-0.023652
3.898576,3750,0.020295
3.898579,3751,0.020295
3.898582,3752,-0.023652
3.898584,3753,0.020295
3.898586,3754,-0.023652
3.898589,3755,0.020295
3.898592,3756,0.020295
3.898594,3757,0.020295
3.898597,3758,0.020295
3.898599,3759,0.020295
3.898601,3760,0.020295
3.898604,3761,0.020295
3.898607,3762,0.020295
3.898609,3763,-0.023652
3.898611,3764,-0.023652
3.898615,3765,-0.023652
3.898617,3766,0.020295
3.898620,3767,0.020295
3.898622,3768,-0.023652
3.898625,3769,-0.023652
3.898627,3770,-0.023652
3.898630,3771,-0.023652
3.898633,3772,0.020295
3.898635,3773,-0.023652
3.898637,3774,0.020295
3.898640,3775,-0.023652
3.898643,3776,0.020295
3.898645,3777,0.020295
3.898648,3778,0.020295
3.898650,3779,-0.023652
3.898653,3780,-0.023652
3.898655,3781,-0.023652
3.898658,3782,0.020295
3.898660,3783,0.020295
3.898663,3784,0.020295
3.898665,3785,0.020295
3.964851,3786,-0.023652
3.964907,3787,0.020295
3.964911,3788,0.020295
3.964914,3789,0.020295
3.964917,3790,-0.023652
3.964920,3791,-0.023652
3.964923,3792,-0.023652
3.964926,3793,-0.023652
3.964929,3794,0.020295
3.964931,3795,0.020295
3.964934,3796,-0.023652
3.964937,3797,0.020295
3.964939,3798,0.020295
3.964942,3799,0.020295
3.964944,3800,0.020295
3.964947,3801,0.020295
3.964949,3802,-0.023652
3.964952,3803,0.020295
3.964954,3804,0.020295
3.964957,3805,-0.023652
3.964960,3806,-0.023652
3.964962,3807,-0.023652
3.964966,3808,0.020295
3.964968,3809,-0.023652
3.964970,3810,0.020295
3.964973,3811,0.020295
3.964975,3812,0.020295
3.964978,3813,0.020295
3.964981,3814,0.020295
3.964983,3815,0.020295
3.964985,3816,0.020295
3.964988,3817,-0.023652
3.964990,3818,0.020295
3.964993,3819,-0.023652
3.964995,3820,-0.023652
3.964997,3821,-0.023652
3.965000,3822,-0.023652
3.965002,3823,-0.023652
3.965005,3824,0.020295
3.965007,3825,0.020295
3.965009,3826,-0.023652
3.965012,3827,0.020295
3.965014,3828,-0.023652
3.965017,3829,0.020295
3.965019,3830,-0.023652
3.965022,3831,0.020295
3.965024,3832,-0.023652
3.965027,3833,0.020295
3.965030,3834,-0.023652
3.965032,3835,0.020295
4.030832,3836,0.020295
4.030887,3837,0.020295
4.030891,3838,0.020295
4.030895,3839,-0.023652
4.030899,3840,-0.023652
4.030902,3841,0.020295
4.030906,3842,0.020295
4.030908,3843,0.020295
4.030911,3844,0.020295
4.030914,3845,-0.023652
4.030916,3846,0.020295
4.030919,3847,0.020295
4.030921,3848,-0.023652
4.030924,3849,0.020295
4.030926,3850,0.020295
4.030928,3851,-0.023652
4.030931,3852,0.020295
4.030934,3853,0.020295
4.030936,3854,0.020295
4.030939,3855,-0.023652
4.030941,3856,0.020295
4.030943,3857,0.020295
4.030946,3858,0.020295
4.030948,3859,-0.023652
4.030951,3860,-0.023652
4.030953,3861,-0.023652
4.030956,3862,0.020295
4.030958,3863,-0.023652
4.030961,3864,-0.023652
4.030963,3865,0.020295
4.030966,3866,-0.023652
4.030968,3867,0.020295
4.030971,3868,0.020295
4.030973,3869,-0.023652
4.030976,3870,-0.023652
4.030978,3871,-0.023652
4.030980,3872,0.020295
4.030983,3873,-0.023652
4.030985,3874,-0.023652
4.030988,3875,-0.023652
4.030990,3876,-0.023652
4.030993,3877,0.020295
4.030995,3878,0.020295
4.030998,3879,-0.023652
4.031000,3880,0.020295
4.031003,3881,-0.023652
4.031005,3882,0.020295
4.031008,3883,-0.023652
4.031010,3884,0.020295
4.031013,3885,0.020295
4.031015,3886,0.020295
4.031018,3887,0.020295
4.031020,3888,-0.023652
4.031023,3889,-0.023652
4.031025,3890,0.020295
4.031028,3891,-0.023652
4.031030,3892,-0.023652
4.031033,3893,0.020295
4.031035,3894,-0.023652
4.031038,3895,0.020295
4.031040,3896,0.020295
4.031042,3897,0.020295
4.031045,3898,0.020295
4.031047,3899,-0.023652
4.031050,3900,0.020295
4.031053,3901,0.020295
4.031055,3902,-0.023652
4.031058,3903,0.020295
4.031060,3904,0.020295
4.031062,3905,0.020295
4.031065,3906,-0.023652
4.031067,3907,0.020295
4.031069,3908,-0.023652
4.031072,3909,-0.023652
4.031074,3910,0.020295
4.031077,3911,-0.023652
4.031079,3912,-0.023652
4.031082,3913,-0.023652
4.031085,3914,0.020295
4.031087,3915,-0.023652
4.031090,3916,0.020295
4.031092,3917,0.020295
4.031094,3918,0.020295
4.031096,3919,0.020295
4.031099,3920,-0.023652
4.031101,3921,0.020295
4.031103,3922,-0.023652
4.031106,3923,0.020295
4.031108,3924,-0.023652
4.031110,3925,-0.023652
4.031113,3926,-0.023652
4.031115,3927,0.020295
4.031117,3928,-0.023652
4.031120,3929,-0.023652
4.031123,3930,0.020295
4.031125,3931,-0.023652
4.031127,3932,-0.023652
4.031130,3933,0.020295
4.031132,3934,-0.023652
4.031134,3935,-0.023652
4.096839,3936,0.020295
4.096881,3937,0.020295
4.096885,3938,-0.023652
4.096889,3939,-0.023652
4.096892,3940,0.020295
4.096895,3941,0.020295
4.096897,3942,-0.023652
4.096900,3943,0.020295
4.096903,3944,0.020295
4.096905,3945,-0.023652
4.096908,3946,0.020295
4.096910,3947,0.020295
4.096913,3948,-0.023652
4.096915,3949,-0.023652
4.096918,3950,-0.023652
4.096921,3951,0.020295
4.096923,3952,0.020295
4.096926,3953,-0.023652
4.096928,3954,0.020295
4.096930,3955,0.020295
4.096933,3956,0.020295
4.096935,3957,0.020295
4.096938,3958,0.020295
4.096940,3959,0.020295
4.096943,3960,-0.023652
4.096945,3961,0.020295
4.096947,3962,-0.023652
4.096950,3963,0.020295
4.096952,3964,-0.023652
4.096955,3965,0.020295
4.096957,3966,0.020295
4.096959,3967,0.020295
4.096962,3968,-0.023652
4.096964,3969,-0.023652
4.096967,3970,-0.023652
4.096969,3971,-0.023652
4.096971,3972,0.020295
4.096974,3973,-0.023652
4.096976,3974,-0.023652
4.096979,3975,0.020295
4.096981,3976,0.020295
4.096983,3977,0.020295
4.096986,3978,0.020295
4.096988,3979,-0.023652
4.096990,3980,0.020295
4.096993,3981,0.020295
4.096995,3982,0.020295
4.096997,3983,-0.023652
4.097000,3984,-0.023652
4.097002,3985,0.020295
4.162261,3986,-0.023652
4.162317,3987,0.020295
4.162324,3988,-0.023652
4.162328,3989,-0.023652
4.162333,3990,-0.023652
4.162337,3991,-0.023652
4.162340,3992,-0.023652
4.162344,3993,-0.023652
4.162347,3994,0.020295
4.162351,3995,0.020295
4.162355,3996,-0.023652
4.162358,3997,0.020295
4.162361,3998,0.020295
4.162364,3999,0.020295
4.162367,4000,0.020295
4.162370,4001,-0.023652
4.162373,4002,-0.023652
4.162376,4003,0.020295
4.162379,4004,0.020295
4.162381,4005,-0.023652
4.162383,4006,-0.023652
4.162386,4007,0.020295
4.162388,4008,-0.023652
4.162391,4009,0.020295
4.162394,4010,0.020295
4.162396,4011,0.020295
4.162399,4012,-0.023652
4.162403,4013,0.020295
4.162405,4014,-0.023652
4.162408,4015,0.020295
4.162411,4016,-0.023652
4.162413,4017,0.020295
4.162416,4018,0.020295
4.162418,4019,-0.023652
4.162420,4020,0.020295
4.162423,4021,0.020295
4.162425,4022,0.020295
4.162427,4023,-0.023652
4.162430,4024,-0.023652
4.162433,4025,-0.023652
4.162435,4026,0.020295
4.162437,4027,0.020295
4.162440,4028,-0.023652
4.162442,4029,-0.023652
4.162445,4030,-0.023652
4.162447,4031,-0.023652
4.162450,4032,-0.023652
4.162452,4033,0.020295
4.162454,4034,-0.023652
4.162457,4035,0.020295
4.162460,4036,0.020295
4.162462,4037,0.020295
4.162464,4038,0.020295
4.162467,4039,0.020295
4.162469,4040,0.020295
4.162471,4041,0.020295
4.162473,4042,0.020295
4.162476,4043,0.020295
4.162478,4044,0.020295
4.162510,4045,0.020295
4.162513,4046,0.020295
4.162515,4047,-0.023652
4.162518,4048,-0.023652
4.162520,4049,-0.023652
4.162522,4050,-0.023652
4.162525,4051,-0.023652
4.162527,4052,0.020295
4.162530,4053,0.020295
4.162532,4054,-0.023652
4.162534,4055,0.020295
4.162536,4056,0.020295
4.162539,4057,0.020295
4.162541,4058,-0.023652
4.162543,4059,0.020295
4.162546,4060,0.020295
4.162548,4061,-0.023652
4.162550,4062,0.020295
4.162553,4063,-0.023652
4.162555,4064,0.020295
4.162557,4065,0.020295
4.162559,4066,0.020295
4.162562,4067,0.020295
4.162564,4068,-0.023652
4.162567,4069,0.020295
4.162569,4070,-0.023652
4.162571,4071,-0.023652
4.162574,4072,-0.023652
4.162576,4073,0.020295
4.162578,4074,0.020295
4.162581,4075,-0.023652
4.162583,4076,0.020295
4.162586,4077,0.020295
4.162588,4078,0.020295
4.162590,4079,-0.023652
4.162592,4080,-0.023652
4.162595,4081,-0.023652
4.162597,4082,0.020295
4.162600,4083,0.020295
4.162602,4084,-0.023652
4.162604,4085,0.020295
4.228202,4086,0.020295
4.228264,4087,0.020295
4.228271,4088,0.020295
4.228275,4089,-0.023652
4.228378,4090,-0.023652
4.228391,4091,0.020295
4.228394,4092,-0.023652
4.228397,4093,0.020295
4.228400,4094,-0.023652
4.228402,4095,0.020295
4.228405,4096,0.020295
4.228408,4097,0.020295
4.228411,4098,0.020295
4.228413,4099,0.020295
4.228416,4100,-0.023652
4.228419,4101,-0.023652
4.228423,4102,0.020295
4.228425,4103,0.020295
4.228428,4104,0.020295
4.228430,4105,0.020295
4.228432,4106,-0.023652
4.228435,4107,-0.023652
4.228438,4108,-0.023652
4.228440,4109,-0.023652
4.228443,4110,-0.023652
4.228446,4111,-0.023652
4.228449,4112,0.020295
4.228451,4113,-0.023652
4.228454,4114,0.020295
4.228456,4115,-0.023652
4.228458,4116,-0.023652
4.228461,4117,-0.023652
4.228463,4118,0.020295
4.228466,4119,-0.023652
4.228468,4120,0.020295
4.228471,4121,-0.023652
4.228473,4122,0.020295
4.228476,4123,-0.023652
4.228478,4124,0.020295
4.228481,4125,0.020295
4.228483,4126,0.020295
4.228485,4127,-0.023652
4.228488,4128,-0.023652
4.228490,4129,-0.023652
4.228492,4130,-0.023652
4.228495,4131,-0.023652
4.228497,4132,0.020295
4.228499,4133,-0.023652
4.228502,4134,0.020295
4.228504,4135,-0.023652
4.293897,4136,0.020295
4.293959,4137,0.020295
4.293965,4138,-0.023652
4.293968,4139,-0.023652
4.293971,4140,0.020295
4.293974,4141,0.020295
4.293976,4142,0.020295
4.293979,4143,0.020295
4.293982,4144,-0.023652
4.293984,4145,-0.023652
4.293988,4146,0.020295
4.293990,4147,0.020295
4.293993,4148,0.020295
4.293995,4149,-0.023652
4.293998,4150,-0.023652
4.294001,4151,-0.023652
4.294004,4152,-0.023652
4.294007,4153,-0.023652
4.294011,4154,0.020295
4.294013,4155,-0.023652
4.294016,4156,0.020295
4.294019,4157,0.020295
4.294022,4158,-0.023652
4.294024,4159,-0.023652
4.294026,4160,0.020295
4.294028,4161,-0.023652
4.294031,4162,0.020295
4.294034,4163,0.020295
4.294036,4164,0.020295
4.294038,4165,-0.023652
4.294041,4166,0.020295
4.294043,4167,-0.023652
4.294046,4168,-0.023652
4.294049,4169,0.020295
4.294051,4170,-0.023652
4.294053,4171,0.020295
4.294056,4172,0.020295
4.294058,4173,0.020295
4.294060,4174,0.020295
4.294062,4175,0.020295
4.294065,4176,0.020295
4.294068,4177,0.020295
4.294070,4178,0.020295
4.294073,4179,-0.023652
4.294075,4180,-0.023652
4.294078,4181,0.020295
4.294080,4182,0.020295
4.294083,4183,0.020295
4.294085,4184,-0.023652
4.294088,4185,-0.023652
4.359519,4186,-0.023652
4.359556,4187,-0.023652
4.359560,4188,-0.023652
4.359563,4189,-0.023652
4.359566,4190,0.020295
4.359569,4191,0.020295
4.359572,4192,0.020295
4.359574,4193,-0.023652
4.359577,4194,0.020295
4.359579,4195,-0.023652
4.359582,4196,0.020295
4.359584,4197,-0.023652
4.359587,4198,-0.023652
4.359589,4199,0.020295
4.359592,4200,0.020295
4.359594,4201,-0.023652
4.359597,4202,0.020295
4.359599,4203,-0.023652
4.359602,4204,-0.023652
4.359604,4205,-0.023652
4.359607,4206,-0.023652
4.359610,4207,0.020295
4.359612,4208,-0.023652
4.359615,4209,-0.023652
4.359617,4210,-0.023652
4.359620,4211,-0.023652
4.359623,4212,0.020295
4.359625,4213,-0.023652
4.359628,4214,0.020295
4.359630,4215,0.020295
4.359633,4216,0.020295
4.359635,4217,0.020295
4.359637,4218,0.020295
4.359640,4219,0.020295
4.359642,4220,0.020295
4.359645,4221,-0.023652
4.359647,4222,0.020295
4.359649,4223,0.020295
4.359652,4224,0.020295
4.359654,4225,-0.023652
4.359656,4226,0.020295
4.359659,4227,0.020295
4.359661,4228,0.020295
4.359664,4229,-0.023652
4.359666,4230,-0.023652
4.359668,4231,0.020295
4.359671,4232,-0.023652
4.359673,4233,0.020295
4.359676,4234,0.020295
4.359678,4235,0.020295
4.416406,4236,0.020295
4.416465,4237,0.020295
4.416469,4238,0.020295
4.416472,4239,0.020295
4.416475,4240,0.020295
4.416478,4241,0.020295
4.416480,4242,0.020295
4.416483,4243,0.020295
4.416485,4244,-0.023652
4.416488,4245,0.020295
4.416491,4246,0.020295
4.416494,4247,-0.023652
4.416500,4248,0.020295
4.416504,4249,-0.023652
4.416507,4250,-0.023652
4.416510,4251,-0.023652
4.416514,4252,0.020295
4.416517,4253,-0.023652
4.416519,4254,-0.023652
4.416523,4255,-0.023652
4.416525,4256,-0.023652
4.416528,4257,0.020295
4.416531,4258,0.020295
4.416533,4259,0.020295
4.416536,4260,0.020295
4.416539,4261,-0.023652
4.416542,4262,-0.023652
4.416544,4263,-0.023652
4.416547,4264,-0.023652
4.416550,4265,0.020295
4.416553,4266,0.020295
4.416556,4267,-0.023652
4.416558,4268,-0.023652
4.416561,4269,0.020295
4.416564,4270,-0.023652
4.416567,4271,0.020295
4.416569,4272,-0.023652
4.416572,4273,0.020295
4.416575,4274,-0.023652
4.416578,4275,0.020295
4.416580,4276,-0.023652
4.416583,4277,0.020295
4.416586,4278,0.020295
4.416589,4279,0.020295
4.416591,4280,0.020295
4.416594,4281,0.020295
4.416597,4282,0.020295
4.416600,4283,0.020295
4.416602,4284,0.020295
4.416605,4285,0.020295
4.482359,4286,-0.023652
4.482411,4287,0.020295
4.482414,4288,0.020295
4.482418,4289,-0.023652
4.482421,4290,-0.023652
4.482424,4291,-0.023652
4.482427,4292,-0.023652
4.482430,4293,-0.023652
4.482432,4294,0.020295
4.482435,4295,-0.023652
4.482438,4296,-0.023652
4.482440,4297,-0.023652
4.482443,4298,0.020295
4.482445,4299,0.020295
4.482448,4300,0.020295
4.482451,4301,0.020295
4.482453,4302,-0.023652
4.482456,4303,-0.023652
4.482459,4304,-0.023652
4.482461,4305,-0.023652
4.482464,4306,0.020295
4.482466,4307,0.020295
4.482469,4308,-0.023652
4.482471,4309,-0.023652
4.482474,4310,-0.023652
4.482476,4311,0.020295
4.482478,4312,-0.023652
4.482481,4313,-0.023652
4.482483,4314,-0.023652
4.482486,4315,0.020295
4.482488,4316,0.020295
4.482491,4317,0.020295
4.482493,4318,-0.023652
4.482496,4319,-0.023652
4.482498,4320,-0.023652
4.482501,4321,-0.023652
4.482503,4322,-0.023652
4.482505,4323,0.020295
4.482508,4324,-0.023652
4.482510,4325,-0.023652
4.482513,4326,-0.023652
4.482515,4327,0.020295
4.482518,4328,0.020295
4.482521,4329,-0.023652
4.482524,4330,-0.023652
4.482526,4331,-0.023652
4.482529,4332,-0.023652
4.482531,4333,0.020295
4.482533,4334,0.020295
4.482536,4335,-0.023652
4.482538,4336,0.020295
4.482541,4337,0.020295
4.482543,4338,0.020295
4.482545,4339,-0.023652
4.482548,4340,-0.023652
4.482550,4341,-0.023652
4.482553,4342,0.020295
4.482555,4343,0.020295
4.482557,4344,0.020295
4.482560,4345,0.020295
4.482562,4346,-0.023652
4.482565,4347,0.020295
4.482568,4348,0.020295
4.482570,4349,0.020295
4.482572,4350,0.020295
4.482575,4351,-0.023652
4.482577,4352,0.020295
4.482580,4353,0.020295
4.482582,4354,-0.023652
4.482584,4355,0.020295
4.482587,4356,-0.023652
4.482589,4357,0.020295
4.482591,4358,0.020295
4.482594,4359,-0.023652
4.482596,4360,-0.023652
4.482599,4361,0.020295
4.482601,4362,0.020295
4.482604,4363,0.020295
4.482607,4364,-0.023652
4.482609,4365,-0.023652
4.482612,4366,0.020295
4.482614,4367,-0.023652
4.482616,4368,0.020295
4.482619,4369,-0.023652
4.482621,4370,-0.023652
4.482623,4371,-0.023652
4.482626,4372,-0.023652
4.482628,4373,0.020295
4.482631,4374,-0.023652
4.482633,4375,-0.023652
4.482635,4376,-0.023652
4.482638,4377,0.020295
4.482640,4378,0.020295
4.482643,4379,0.020295
4.482645,4380,0.020295
4.482648,4381,0.020295
4.482650,4382,-0.023652
4.482652,4383,-0.023652
4.482655,4384,0.020295
4.482657,4385,-0.023652
4.533189,4386,-0.023652
4.533246,4387,0.020295
4.533250,4388,0.020295
4.533253,4389,0.020295
4.533256,4390,-0.023652
4.533259,4391,0.020295
4.533262,4392,0.020295
4.533265,4393,-0.023652
4.533268,4394,0.020295
4.533270,4395,-0.023652
4.533273,4396,0.020295
4.533276,4397,0.020295
4.533278,4398,0.020295
4.533280,4399,-0.023652
4.533283,4400,0.020295
4.533286,4401,-0.023652
4.533289,4402,0.020295
4.533291,4403,-0.023652
4.533293,4404,0.020295
4.533296,4405,-0.023652
4.533298,4406,0.020295
4.533302,4407,0.020295
4.533304,4408,-0.023652
4.533306,4409,-0.023652
4.533309,4410,-0.023652
4.533311,4411,-0.023652
4.533315,4412,0.020295
4.533317,4413,0.020295
4.533320,4414,0.020295
4.533322,4415,0.020295
4.533325,4416,0.020295
4.533328,4417,0.020295
4.533330,4418,0.020295
4.533333,4419,-0.023652
4.533335,4420,0.020295
4.533337,4421,-0.023652
4.533340,4422,-0.023652
4.533342,4423,0.020295
4.533345,4424,-0.023652
4.533347,4425,0.020295
4.533349,4426,0.020295
4.533351,4427,-0.023652
4.533354,4428,-0.023652
4.533357,4429,-0.023652
4.533359,4430,-0.023652
4.533361,4431,0.020295
4.533364,4432,0.020295
4.533366,4433,-0.023652
4.533368,4434,-0.023652
4.533371,4435,0.020295
4.598913,4436,0.020295
4.598948,4437,0.020295
4.598953,4438,0.020295
4.598956,4439,-0.023652
4.598961,4440,0.020295
4.598964,4441,0.020295
4.598967,4442,0.020295
4.598971,4443,-0.023652
4.598975,4444,-0.023652
4.598978,4445,-0.023652
4.598981,4446,0.020295
4.598985,4447,0.020295
4.598988,4448,-0.023652
4.598992,4449,0.020295
4.598995,4450,0.020295
4.598998,4451,-0.023652
4.599002,4452,-0.023652
4.599005,4453,0.020295
4.599008,4454,0.020295
4.599011,4455,0.020295
4.599015,4456,0.020295
4.599018,4457,0.020295
4.599021,4458,0.020295
4.599024,4459,-0.023652
4.599028,4460,0.020295
4.599031,4461,0.020295
4.599034,4462,-0.023652
4.599037,4463,-0.023652
4.599041,4464,-0.023652
4.599044,4465,-0.023652
4.599047,4466,-0.023652
4.599050,4467,0.020295
4.599054,4468,-0.023652
4.599057,4469,-0.023652
4.599060,4470,0.020295
4.599063,4471,-0.023652
4.599066,4472,0.020295
4.599070,4473,0.020295
4.599073,4474,-0.023652
4.599076,4475,0.020295
4.599079,4476,0.020295
4.599082,4477,0.020295
4.599086,4478,0.020295
4.599089,4479,-0.023652
4.599092,4480,-0.023652
4.599095,4481,0.020295
4.599099,4482,0.020295
4.599102,4483,0.020295
4.599105,4484,-0.023652
4.599108,4485,-0.023652
4.663848,4486,0.020295
4.663901,4487,0.020295
4.663905,4488,0.020295
4.663909,4489,-0.023652
4.663913,4490,0.020295
4.663916,4491,-0.023652
4.663919,4492,0.020295
4.663922,4493,0.020295
4.663925,4494,-0.023652
4.663929,4495,0.020295
4.663932,4496,0.020295
4.663934,4497,0.020295
4.663937,4498,-0.023652
4.663941,4499,0.020295
4.663943,4500,0.020295
4.663946,4501,-0.023652
4.663949,4502,-0.023652
4.663952,4503,-0.023652
4.663955,4504,0.020295
4.663958,4505,0.020295
4.663960,4506,0.020295
4.663963,4507,-0.023652
4.663966,4508,-0.023652
4.663969,4509,0.020295
4.663971,4510,-0.023652
4.663974,4511,0.020295
4.663976,4512,0.020295
4.663979,4513,0.020295
4.663981,4514,-0.023652
4.663984,4515,0.020295
4.663987,4516,0.020295
4.663989,4517,0.020295
4.663992,4518,0.020295
4.663995,4519,-0.023652
4.663997,4520,0.020295
4.664000,4521,-0.023652
4.664003,4522,0.020295
4.664006,4523,0.020295
4.664009,4524,-0.023652
4.664012,4525,0.020295
4.664014,4526,-0.023652
4.664018,4527,0.020295
4.664020,4528,0.020295
4.664023,4529,-0.023652
4.664026,4530,-0.023652
4.664029,4531,-0.023652
4.664032,4532,-0.023652
4.664034,4533,0.020295
4.664037,4534,-0.023652
4.664040,4535,0.020295
4.664042,4536,0.020295
4.664045,4537,0.020295
4.664048,4538,0.020295
4.664051,4539,0.020295
4.664053,4540,0.020295
4.664056,4541,0.020295
4.664058,4542,0.020295
4.664061,4543,0.020295
4.664063,4544,0.020295
4.664066,4545,0.020295
4.664068,4546,-0.023652
4.664071,4547,-0.023652
4.664074,4548,0.020295
4.664076,4549,-0.023652
4.664079,4550,-0.023652
4.664082,4551,-0.023652
4.664085,4552,-0.023652
4.664087,4553,-0.023652
4.664090,4554,0.020295
4.664093,4555,-0.023652
4.664096,4556,0.020295
4.664098,4557,0.020295
4.664101,4558,-0.023652
4.664104,4559,-0.023652
4.664106,4560,0.020295
4.664109,4561,0.020295
4.664112,4562,0.020295
4.664115,4563,0.020295
4.664117,4564,-0.023652
4.664120,4565,-0.023652
4.664122,4566,0.020295
4.664161,4567,-0.023652
4.664164,4568,-0.023652
4.664167,4569,-0.023652
4.664169,4570,-0.023652
4.664172,4571,-0.023652
4.664175,4572,0.020295
4.664178,4573,-0.023652
4.664180,4574,0.020295
4.664183,4575,0.020295
4.664186,4576,0.020295
4.664188,4577,0.020295
4.664191,4578,0.020295
4.664193,4579,-0.023652
4.664196,4580,0.020295
4.664199,4581,-0.023652
4.664201,4582,0.020295
4.664204,4583,0.020295
4.664207,4584,0.020295
4.664210,4585,0.020295
4.728751,4586,-0.023652
4.728804,4587,0.020295
4.728808,4588,-0.023652
4.728812,4589,-0.023652
4.728815,4590,0.020295
4.728817,4591,-0.023652
4.728820,4592,-0.023652
4.728823,4593,-0.023652
4.728825,4594,-0.023652
4.728827,4595,-0.023652
4.728830,4596,-0.023652
4.728833,4597,-0.023652
4.728835,4598,0.020295
4.728838,4599,0.020295
4.728841,4600,0.020295
4.728844,4601,0.020295
4.728846,4602,-0.023652
4.728849,4603,-0.023652
4.728851,4604,-0.023652
4.728854,4605,-0.023652
4.728857,4606,0.020295
4.728861,4607,0.020295
4.728864,4608,-0.023652
4.728866,4609,0.020295
4.728869,4610,-0.023652
4.728872,4611,-0.023652
4.728874,4612,-0.023652
4.728877,4613,-0.023652
4.728879,4614,0.020295
4.728881,4615,0.020295
4.728886,4616,0.020295
4.728891,4617,0.020295
4.728894,4618,0.020295
4.728897,4619,-0.023652
4.728899,4620,0.020295
4.728902,4621,0.020295
4.728905,4622,0.020295
4.728907,4623,0.020295
4.728910,4624,0.020295
4.728913,4625,0.020295
4.728917,4626,-0.023652
4.728921,4627,-0.023652
4.728926,4628,-0.023652
4.728930,4629,0.020295
4.728934,4630,0.020295
4.728937,4631,0.020295
4.728941,4632,-0.023652
4.728950,4633,0.020295
4.728963,4634,0.020295
4.728967,4635,-0.023652
4.794367,4636,0.020295
4.794422,4637,0.020295
4.794425,4638,0.020295
4.794428,4639,0.020295
4.794431,4640,0.020295
4.794434,4641,-0.023652
4.794437,4642,-0.023652
4.794440,4643,-0.023652
4.794443,4644,-0.023652
4.794445,4645,-0.023652
4.794448,4646,0.020295
4.794450,4647,-0.023652
4.794453,4648,-0.023652
4.794455,4649,0.020295
4.794458,4650,-0.023652
4.794461,4651,0.020295
4.794463,4652,0.020295
4.794466,4653,-0.023652
4.794468,4654,0.020295
4.794471,4655,-0.023652
4.794473,4656,0.020295
4.794476,4657,0.020295
4.794479,4658,0.020295
4.794481,4659,-0.023652
4.794484,4660,-0.023652
4.794486,4661,0.020295
4.794489,4662,0.020295
4.794492,4663,-0.023652
4.794494,4664,0.020295
4.794497,4665,-0.023652
4.794500,4666,-0.023652
4.794502,4667,-0.023652
4.794505,4668,0.020295
4.794508,4669,-0.023652
4.794511,4670,-0.023652
4.794513,4671,-0.023652
4.794516,4672,0.020295
4.794518,4673,-0.023652
4.794521,4674,0.020295
4.794523,4675,0.020295
4.794525,4676,0.020295
4.794528,4677,0.020295
4.794531,4678,0.020295
4.794533,4679,0.020295
4.794535,4680,0.020295
4.794538,4681,0.020295
4.794540,4682,-0.023652
4.794542,4683,-0.023652
4.794545,4684,-0.023652
4.794547,4685,0.020295
4.846076,4686,-0.023652
4.846133,4687,-0.023652
4.846139,4688,-0.023652
4.846143,4689,-0.023652
4.846147,4690,0.020295
4.846151,4691,0.020295
4.846155,4692,-0.023652
4.846159,4693,0.020295
4.846163,4694,0.020295
4.846166,4695,0.020295
4.846170,4696,0.020295
4.846173,4697,0.020295
4.846177,4698,0.020295
4.846180,4699,-0.023652
4.846184,4700,-0.023652
4.846188,4701,0.020295
4.846191,4702,0.020295
4.846194,4703,0.020295
4.846197,4704,0.020295
4.846201,4705,-0.023652
4.846204,4706,0.020295
4.846208,4707,0.020295
4.846211,4708,0.020295
4.846213,4709,-0.023652
4.846215,4710,-0.023652
4.846216,4711,-0.023652
4.846218,4712,-0.023652
4.846219,4713,0.020295
4.846220,4714,0.020295
4.846221,4715,0.020295
4.846222,4716,0.020295
4.846223,4717,0.020295
4.846224,4718,-0.023652
4.846225,4719,0.020295
4.846227,4720,0.020295
4.846228,4721,-0.023652
4.846229,4722,-0.023652
4.846230,4723,0.020295
4.846231,4724,-0.023652
4.846232,4725,-0.023652
4.846234,4726,-0.023652
4.846235,4727,-0.023652
4.846236,4728,-0.023652
4.846237,4729,-0.023652
4.846238,4730,-0.023652
4.846239,4731,0.020295
4.846240,4732,-0.023652
4.846241,4733,-0.023652
4.846242,4734,0.020295
4.846243,4735,0.020295
4.909098,4736,0.020295
4.909131,4737,0.020295
4.909136,4738,0.020295
4.909139,4739,0.020295
4.909143,4740,0.020295
4.909146,4741,0.020295
4.909150,4742,-0.023652
4.909154,4743,-0.023652
4.909158,4744,-0.023652
4.909161,4745,-0.023652
4.909164,4746,0.020295
4.909168,4747,0.020295
4.909171,4748,0.020295
4.909174,4749,-0.023652
4.909178,4750,-0.023652
4.909181,4751,0.020295
4.909184,4752,-0.023652
4.909187,4753,-0.023652
4.909191,4754,-0.023652
4.909194,4755,0.020295
4.909197,4756,0.020295
4.909201,4757,0.020295
4.909204,4758,-0.023652
4.909207,4759,0.020295
4.909210,4760,0.020295
4.909213,4761,0.020295
4.909217,4762,0.020295
4.909220,4763,0.020295
4.909223,4764,0.020295
4.909226,4765,-0.023652
4.909230,4766,-0.023652
4.909233,4767,0.020295
4.909237,4768,-0.023652
4.909240,4769,-0.023652
4.909243,4770,0.020295
4.909247,4771,-0.023652
4.909250,4772,-0.023652
4.909253,4773,-0.023652
4.909257,4774,-0.023652
4.909260,4775,-0.023652
4.909263,4776,0.020295
4.909266,4777,-0.023652
4.909270,4778,0.020295
4.909273,4779,0.020295
4.909276,4780,0.020295
4.909279,4781,-0.023652
4.909283,4782,0.020295
4.909286,4783,-0.023652
4.909289,4784,0.020295
4.909292,4785,0.020295
4.909296,4786,-0.023652
4.909299,4787,-0.023652
4.909302,4788,-0.023652
4.909305,4789,-0.023652
4.909308,4790,-0.023652
4.909312,4791,-0.023652
4.909315,4792,0.020295
4.909318,4793,0.020295
4.909321,4794,0.020295
4.909324,4795,0.020295
4.909327,4796,-0.023652
4.909331,4797,0.020295
4.909334,4798,-0.023652
4.909337,4799,-0.023652
4.909340,4800,0.020295
4.909344,4801,0.020295
4.909347,4802,0.020295
4.909350,4803,0.020295
4.909353,4804,0.020295
4.909356,4805,-0.023652
4.909360,4806,0.020295
4.909363,4807,-0.023652
4.909366,4808,0.020295
4.909369,4809,-0.023652
4.909373,4810,-0.023652
4.909376,4811,-0.023652
4.909379,4812,-0.023652
4.909383,4813,0.020295
4.909386,4814,0.020295
4.909389,4815,-0.023652
4.909392,4816,-0.023652
4.909396,4817,0.020295
4.909399,4818,-0.023652
4.909402,4819,0.020295
4.909405,4820,-0.023652
4.909409,4821,-0.023652
4.909412,4822,0.020295
4.909415,4823,-0.023652
4.909418,4824,0.020295
4.909422,4825,-0.023652
4.909425,4826,0.020295
4.909428,4827,-0.023652
4.909431,4828,-0.023652
4.909434,4829,-0.023652
4.909438,4830,0.020295
4.909441,4831,0.020295
4.909444,4832,0.020295
4.909447,4833,-0.023652
4.909450,4834,0.020295
4.909454,4835,-0.023652
4.964108,4836,0.020295
4.964137,4837,-0.023652
4.964142,4838,-0.023652
4.964145,4839,0.020295
4.964148,4840,0.020295
4.964150,4841,0.020295
4.964153,4842,0.020295
4.964155,4843,-0.023652
4.964158,4844,0.020295
4.964160,4845,-0.023652
4.964163,4846,0.020295
4.964165,4847,-0.023652
4.964168,4848,-0.023652
4.964170,4849,-0.023652
4.964173,4850,-0.023652
4.964175,4851,0.020295
4.964178,4852,-0.023652
4.964180,4853,-0.023652
4.964182,4854,0.020295
4.964185,4855,-0.023652
4.964187,4856,0.020295
4.964190,4857,0.020295
4.964192,4858,0.020295
4.964194,4859,-0.023652
4.964197,4860,0.020295
4.964199,4861,0.020295
4.964202,4862,0.020295
4.964204,4863,0.020295
4.964206,4864,-0.023652
4.964209,4865,0.020295
4.964211,4866,0.020295
4.964213,4867,0.020295
4.964215,4868,-0.023652
4.964218,4869,-0.023652
4.964220,4870,0.020295
4.964223,4871,-0.023652
4.964225,4872,-0.023652
4.964228,4873,0.020295
4.964230,4874,0.020295
4.964232,4875,0.020295
4.964235,4876,0.020295
4.964237,4877,0.020295
4.964239,4878,0.020295
4.964242,4879,-0.023652
4.964244,4880,0.020295
4.964246,4881,0.020295
4.964249,4882,-0.023652
4.964251,4883,-0.023652
4.964253,4884,0.020295
4.964256,4885,0.020295
5.028454,4886,-0.023652
5.028494,4887,0.020295
5.028498,4888,0.020295
5.028500,4889,-0.023652
5.028504,4890,-0.023652
5.028506,4891,-0.023652
5.028509,4892,0.020295
5.028511,4893,0.020295
5.028514,4894,0.020295
5.028516,4895,0.020295
5.028519,4896,0.020295
5.028521,4897,0.020295
5.028524,4898,-0.023652
5.028526,4899,-0.023652
5.028529,4900,-0.023652
5.028532,4901,-0.023652
5.028534,4902,-0.023652
5.028537,4903,0.020295
5.028539,4904,0.020295
5.028541,4905,0.020295
5.028544,4906,-0.023652
5.028546,4907,-0.023652
5.028548,4908,0.020295
5.028551,4909,-0.023652
5.028554,4910,-0.023652
5.028556,4911,-0.023652
5.028559,4912,0.020295
5.028561,4913,0.020295
5.028563,4914,0.020295
5.028566,4915,0.020295
5.028568,4916,0.020295
5.028570,4917,0.020295
5.028573,4918,0.020295
5.028575,4919,0.020295
5.028577,4920,0.020295
5.028580,4921,-0.023652
5.028582,4922,-0.023652
5.028585,4923,0.020295
5.028587,4924,0.020295
5.028589,4925,-0.023652
5.028592,4926,-0.023652
5.028595,4927,-0.023652
5.028597,4928,-0.023652
5.028600,4929,-0.023652
5.028602,4930,0.020295
5.028605,4931,-0.023652
5.028607,4932,0.020295
5.028609,4933,-0.023652
5.028612,4934,0.020295
5.028614,4935,0.020295
5.093968,4936,-0.023652
5.094021,4937,0.020295
5.094026,4938,0.020295
5.094029,4939,0.020295
5.094032,4940,-0.023652
5.094035,4941,0.020295
5.094038,4942,0.020295
5.094040,4943,-0.023652
5.094043,4944,0.020295
5.094045,4945,0.020295
5.094048,4946,0.020295
5.094050,4947,0.020295
5.094053,4948,0.020295
5.094055,4949,-0.023652
5.094058,4950,-0.023652
5.094061,4951,-0.023652
5.094063,4952,0.020295
5.094066,4953,0.020295
5.094068,4954,0.020295
5.094070,4955,-0.023652
5.094073,4956,0.020295
5.094075,4957,0.020295
5.094078,4958,0.020295
5.094081,4959,-0.023652
5.094083,4960,-0.023652
5.094086,4961,0.020295
5.094088,4962,0.020295
5.094091,4963,-0.023652
5.094094,4964,-0.023652
5.094097,4965,0.020295
5.094099,4966,0.020295
5.094101,4967,0.020295
5.094104,4968,0.020295
5.094106,4969,-0.023652
5.094109,4970,-0.023652
5.094112,4971,0.020295
5.094114,4972,0.020295
5.094117,4973,-0.023652
5.094119,4974,0.020295
5.094122,4975,0.020295
5.094124,4976,0.020295
5.094126,4977,-0.023652
5.094129,4978,0.020295
5.094131,4979,0.020295
5.094134,4980,-0.023652
5.094136,4981,-0.023652
5.094139,4982,0.020295
5.094141,4983,-0.023652
5.094143,4984,0.020295
5.094146,4985,-0.023652
5.160873,4986,0.020295
5.160928,4987,0.020295
5.160933,4988,0.020295
5.160936,4989,-0.023652
5.160940,4990,-0.023652
5.160942,4991,0.020295
5.160945,4992,0.020295
5.160948,4993,0.020295
5.160951,4994,0.020295
5.160953,4995,0.020295
5.160956,4996,0.020295
5.160958,4997,0.020295
5.160960,4998,0.020295
5.160963,4999,0.020295
5.160966,5000,0.020295
5.160969,5001,-0.023652
5.160972,5002,0.020295
5.160975,5003,-0.023652
5.160978,5004,-0.023652
5.160980,5005,0.020295
5.160983,5006,0.020295
5.160985,5007,0.020295
5.160987,5008,-0.023652
5.160990,5009,0.020295
5.160992,5010,-0.023652
5.160995,5011,-0.023652
5.160998,5012,0.020295
5.161000,5013,-0.023652
5.161003,5014,0.020295
5.161005,5015,0.020295
5.161007,5016,-0.023652
5.161010,5017,-0.023652
5.161013,5018,0.020295
5.161015,5019,0.020295
5.161017,5020,0.020295
5.161020,5021,-0.023652
5.161022,5022,-0.023652
5.161024,5023,-0.023652
5.161027,5024,-0.023652
5.161030,5025,0.020295
5.161032,5026,0.020295
5.161035,5027,0.020295
5.161037,5028,0.020295
5.161039,5029,-0.023652
5.161042,5030,-0.023652
5.161045,5031,-0.023652
5.161047,5032,0.020295
5.161049,5033,0.020295
5.161052,5034,-0.023652
5.161054,5035,0.020295
5.226338,5036,0.020295
5.226377,5037,0.020295
5.226381,5038,0.020295
5.226384,5039,0.020295
5.226387,5040,0.020295
5.226390,5041,-0.023652
5.226393,5042,0.020295
5.226396,5043,0.020295
5.226398,5044,0.020295
5.226401,5045,-0.023652
5.226403,5046,-0.023652
5.226406,5047,-0.023652
5.226409,5048,0.020295
5.226411,5049,0.020295
5.226414,5050,0.020295
5.226416,5051,-0.023652
5.226418,5052,-0.023652
5.226421,5053,-0.023652
5.226423,5054,0.020295
5.226426,5055,0.020295
5.226428,5056,0.020295
5.226430,5057,0.020295
5.226433,5058,-0.023652
5.226435,5059,0.020295
5.226438,5060,0.020295
5.226440,5061,0.020295
5.226443,5062,0.020295
5.226445,5063,0.020295
5.226447,5064,0.020295
5.226451,5065,-0.023652
5.226453,5066,0.020295
5.226456,5067,0.020295
5.226458,5068,-0.023652
5.226460,5069,-0.023652
5.226463,5070,-0.023652
5.226465,5071,-0.023652
5.226468,5072,0.020295
5.226470,5073,0.020295
5.226473,5074,-0.023652
5.226475,5075,0.020295
5.226477,5076,-0.023652
5.226480,5077,-0.023652
5.226482,5078,0.020295
5.226484,5079,0.020295
5.226487,5080,-0.023652
5.226489,5081,0.020295
5.226491,5082,0.020295
5.226494,5083,0.020295
5.226496,5084,0.020295
5.226498,5085,-0.023652
5.226501,5086,-0.023652
5.226503,5087,-0.023652
5.226506,5088,0.020295
5.226508,5089,-0.023652
5.226532,5090,-0.023652
5.226534,5091,-0.023652
5.226537,5092,-0.023652
5.226539,5093,-0.023652
5.226542,5094,-0.023652
5.226544,5095,0.020295
5.226547,5096,0.020295
5.226549,5097,0.020295
5.226551,5098,0.020295
5.226553,5099,0.020295
5.226556,5100,-0.023652
5.226559,5101,0.020295
5.226561,5102,-0.023652
5.226564,5103,-0.023652
5.226566,5104,0.020295
5.226568,5105,0.020295
5.226571,5106,-0.023652
5.226573,5107,-0.023652
5.226575,5108,-0.023652
5.226578,5109,-0.023652
5.226580,5110,0.020295
5.226583,5111,-0.023652
5.226585,5112,-0.023652
5.226587,5113,-0.023652
5.226590,5114,-0.023652
5.226592,5115,0.020295
5.226594,5116,0.020295
5.226597,5117,-0.023652
5.226599,5118,-0.023652
5.226601,5119,0.020295
5.226604,5120,-0.023652
5.226606,5121,0.020295
5.226609,5122,0.020295
5.226611,5123,-0.023652
5.226613,5124,0.020295
5.226616,5125,0.020295
5.226618,5126,-0.023652
5.226620,5127,0.020295
5.226623,5128,-0.023652
5.226625,5129,-0.023652
5.226627,5130,-0.023652
5.226630,5131,-0.023652
5.226632,5132,0.020295
5.226635,5133,-0.023652
5.226637,5134,0.020295
5.226639,5135,-0.023652
5.292477,5136,0.020295
5.292528,5137,0.020295
5.292533,5138,0.020295
5.292536,5139,0.020295
5.292539,5140,-0.023652
5.292542,5141,0.020295
5.292545,5142,-0.023652
5.292548,5143,0.020295
5.292551,5144,-0.023652
5.292554,5145,0.020295
5.292557,5146,0.020295
5.292559,5147,0.020295
5.292562,5148,0.020295
5.292564,5149,-0.023652
5.292567,5150,-0.023652
5.292571,5151,0.020295
5.292573,5152,0.020295
5.292575,5153,-0.023652
5.292578,5154,-0.023652
5.292581,5155,0.020295
5.292583,5156,0.020295
5.292586,5157,0.020295
5.292588,5158,0.020295
5.292591,5159,0.020295
5.292593,5160,0.020295
5.292595,5161,0.020295
5.292598,5162,-0.023652
5.292600,5163,0.020295
5.292603,5164,0.020295
5.292605,5165,0.020295
5.292608,5166,-0.023652
5.292610,5167,-0.023652
5.292613,5168,-0.023652
5.292615,5169,0.020295
5.292618,5170,0.020295
5.292620,5171,-0.023652
5.292622,5172,0.020295
5.292625,5173,0.020295
5.292627,5174,-0.023652
5.292630,5175,0.020295
5.292632,5176,0.020295
5.292635,5177,0.020295
5.292637,5178,-0.023652
5.292640,5179,0.020295
5.292643,5180,-0.023652
5.292645,5181,0.020295
5.292648,5182,0.020295
5.292650,5183,0.020295
5.292653,5184,0.020295
5.292655,5185,-0.023652
5.359245,5186,0.020295
5.359298,5187,0.020295
5.359303,5188,-0.023652
5.359307,5189,0.020295
5.359310,5190,-0.023652
5.359313,5191,-0.023652
5.359316,5192,-0.023652
5.359319,5193,0.020295
5.359322,5194,-0.023652
5.359325,5195,-0.023652
5.359328,5196,-0.023652
5.359330,5197,0.020295
5.359333,5198,0.020295
5.359336,5199,0.020295
5.359339,5200,0.020295
5.359342,5201,0.020295
5.359344,5202,-0.023652
5.359347,5203,-0.023652
5.359350,5204,0.020295
5.359352,5205,0.020295
5.359355,5206,-0.023652
5.359358,5207,0.020295
5.359360,5208,-0.023652
5.359363,5209,-0.023652
5.359366,5210,-0.023652
5.359369,5211,-0.023652
5.359372,5212,-0.023652
5.359374,5213,0.020295
5.359377,5214,0.020295
5.359379,5215,-0.023652
5.359382,5216,0.020295
5.359384,5217,-0.023652
5.359387,5218,0.020295
5.359389,5219,0.020295
5.359392,5220,-0.023652
5.359394,5221,0.020295
5.359397,5222,0.020295
5.359399,5223,0.020295
5.359401,5224,0.020295
5.359404,5225,0.020295
5.359407,5226,0.020295
5.359409,5227,-0.023652
5.359412,5228,-0.023652
5.359415,5229,-0.023652
5.359419,5230,0.020295
5.359421,5231,-0.023652
5.359424,5232,-0.023652
5.359427,5233,-0.023652
5.359431,5234,-0.023652
5.359433,5235,-0.023652
5.359436,5236,0.020295
5.359438,5237,0.020295
5.359441,5238,0.020295
5.359443,5239,0.020295
5.359445,5240,-0.023652
5.359448,5241,-0.023652
5.359450,5242,-0.023652
5.359453,5243,-0.023652
5.359456,5244,0.020295
5.359458,5245,-0.023652
5.359461,5246,0.020295
5.359464,5247,-0.023652
5.359466,5248,-0.023652
5.359469,5249,0.020295
5.359472,5250,-0.023652
5.359475,5251,0.020295
5.359477,5252,-0.023652
5.359479,5253,-0.023652
5.359482,5254,0.020295
5.359484,5255,-0.023652
5.359486,5256,0.020295
5.359489,5257,0.020295
5.359491,5258,-0.023652
5.359494,5259,0.020295
5.359526,5260,-0.023652
5.359529,5261,-0.023652
5.359531,5262,0.020295
5.359534,5263,-0.023652
5.359536,5264,-0.023652
5.359539,5265,-0.023652
5.359541,5266,0.020295
5.359544,5267,-0.023652
5.359546,5268,-0.023652
5.359548,5269,-0.023652
5.359551,5270,-0.023652
5.359553,5271,-0.023652
5.359555,5272,-0.023652
5.359558,5273,-0.023652
5.359562,5274,0.020295
5.359567,5275,0.020295
5.359571,5276,0.020295
5.359573,5277,-0.023652
5.359576,5278,0.020295
5.359579,5279,0.020295
5.359581,5280,0.020295
5.359584,5281,0.020295
5.359587,5282,0.020295
5.359590,5283,0.020295
5.359593,5284,0.020295
5.359595,5285,0.020295
5.423976,5286,0.020295
5.423999,5287,0.020295
5.424001,5288,-0.023652
5.424003,5289,0.020295
5.424004,5290,0.020295
5.424005,5291,-0.023652
5.424007,5292,0.020295
5.424009,5293,-0.023652
5.424010,5294,0.020295
5.424011,5295,-0.023652
5.424013,5296,0.020295
5.424014,5297,0.020295
5.424015,5298,-0.023652
5.424016,5299,0.020295
5.424017,5300,-0.023652
5.424019,5301,0.020295
5.424020,5302,-0.023652
5.424021,5303,-0.023652
5.424022,5304,0.020295
5.424024,5305,0.020295
5.424025,5306,0.020295
5.424026,5307,0.020295
5.424027,5308,-0.023652
5.424028,5309,-0.023652
5.424029,5310,-0.023652
5.424031,5311,0.020295
5.424032,5312,-0.023652
5.424033,5313,0.020295
5.424034,5314,0.020295
5.424036,5315,0.020295
5.424036,5316,0.020295
5.424037,5317,0.020295
5.424038,5318,0.020295
5.424040,5319,0.020295
5.424041,5320,-0.023652
5.424042,5321,-0.023652
5.424043,5322,-0.023652
5.424044,5323,0.020295
5.424045,5324,0.020295
5.424046,5325,-0.023652
5.424048,5326,-0.023652
5.424049,5327,0.020295
5.424050,5328,-0.023652
5.424051,5329,-0.023652
5.424052,5330,-0.023652
5.424053,5331,-0.023652
5.424054,5332,0.020295
5.424055,5333,-0.023652
5.424056,5334,-0.023652
5.424057,5335,0.020295
5.482234,5336,0.020295
5.482257,5337,0.020295
5.482260,5338,-0.023652
5.482263,5339,0.020295
5.482266,5340,-0.023652
5.482268,5341,0.020295
5.482270,5342,-0.023652
5.482273,5343,-0.023652
5.482275,5344,0.020295
5.482278,5345,0.020295
5.482280,5346,0.020295
5.482283,5347,0.020295
5.482285,5348,-0.023652
5.482287,5349,-0.023652
5.482290,5350,-0.023652
5.482292,5351,0.020295
5.482295,5352,0.020295
5.482297,5353,-0.023652
5.482299,5354,0.020295
5.482302,5355,-0.023652
5.482304,5356,0.020295
5.482307,5357,0.020295
5.482309,5358,0.020295
5.482311,5359,-0.023652
5.482314,5360,0.020295
5.482316,5361,-0.023652
5.482319,5362,-0.023652
5.482322,5363,0.020295
5.482324,5364,-0.023652
5.482327,5365,-0.023652
5.482329,5366,0.020295
5.482332,5367,0.020295
5.482334,5368,-0.023652
5.482337,5369,-0.023652
5.482339,5370,-0.023652
5.482342,5371,0.020295
5.482344,5372,0.020295
5.482346,5373,-0.023652
5.482349,5374,-0.023652
5.482351,5375,0.020295
5.482353,5376,0.020295
5.482356,5377,-0.023652
5.482358,5378,-0.023652
5.482361,5379,0.020295
5.482363,5380,-0.023652
5.482366,5381,0.020295
5.482368,5382,0.020295
5.482370,5383,0.020295
5.482373,5384,-0.023652
5.482375,5385,0.020295
5.548905,5386,0.020295
5.548957,5387,0.020295
5.548961,5388,-0.023652
5.548966,5389,-0.023652
5.548969,5390,-0.023652
5.548973,5391,-0.023652
5.548976,5392,-0.023652
5.548979,5393,-0.023652
5.548981,5394,-0.023652
5.548984,5395,0.020295
5.548987,5396,-0.023652
5.548989,5397,0.020295
5.548992,5398,-0.023652
5.548995,5399,-0.023652
5.548997,5400,0.020295
5.549000,5401,-0.023652
5.549003,5402,-0.023652
5.549006,5403,0.020295
5.549009,5404,-0.023652
5.549011,5405,-0.023652
5.549014,5406,-0.023652
5.549016,5407,0.020295
5.549019,5408,-0.023652
5.549021,5409,-0.023652
5.549023,5410,-0.023652
5.549026,5411,-0.023652
5.549028,5412,0.020295
5.549031,5413,0.020295
5.549033,5414,0.020295
5.549036,5415,0.020295
5.549039,5416,0.020295
5.549041,5417,0.020295
5.549044,5418,-0.023652
5.549046,5419,-0.023652
5.549049,5420,-0.023652
5.549051,5421,0.020295
5.549053,5422,-0.023652
5.549056,5423,0.020295
5.549059,5424,-0.023652
5.549061,5425,0.020295
5.549063,5426,-0.023652
5.549066,5427,0.020295
5.549068,5428,-0.023652
5.549071,5429,-0.023652
5.549073,5430,0.020295
5.549076,5431,-0.023652
5.549079,5432,0.020295
5.549081,5433,-0.023652
5.549083,5434,-0.023652
5.549086,5435,0.020295
5.614318,5436,-0.023652
5.614354,5437,-0.023652
5.614358,5438,0.020295
5.614361,5439,-0.023652
5.614364,5440,0.020295
5.614367,5441,0.020295
5.614369,5442,-0.023652
5.614372,5443,0.020295
5.614389,5444,-0.023652
5.614391,5445,-0.023652
5.614394,5446,0.020295
5.614397,5447,0.020295
5.614399,5448,0.020295
5.614402,5449,-0.023652
5.614404,5450,-0.023652
5.614407,5451,-0.023652
5.614409,5452,-0.023652
5.614412,5453,-0.023652
5.614414,5454,0.020295
5.614417,5455,0.020295
5.614419,5456,0.020295
5.614422,5457,0.020295
5.614424,5458,0.020295
5.614427,5459,0.020295
5.614430,5460,-0.023652
5.614432,5461,0.020295
5.614435,5462,-0.023652
5.614437,5463,-0.023652
5.614440,5464,-0.023652
5.614442,5465,-0.023652
5.614445,5466,-0.023652
5.614447,5467,-0.023652
5.614450,5468,-0.023652
5.614452,5469,-0.023652
5.614454,5470,-0.023652
5.614457,5471,-0.023652
5.614459,5472,-0.023652
5.614462,5473,-0.023652
5.614464,5474,0.020295
5.614467,5475,0.020295
5.614469,5476,-0.023652
5.614472,5477,0.020295
5.614474,5478,0.020295
5.614477,5479,0.020295
5.614479,5480,-0.023652
5.614482,5481,0.020295
5.614484,5482,0.020295
5.614487,5483,0.020295
5.614489,5484,0.020295
5.614491,5485,0.020295
5.680396,5486,0.020295
5.680449,5487,-0.023652
5.680455,5488,-0.023652
5.680458,5489,-0.023652
5.680461,5490,-0.023652
5.680464,5491,0.020295
5.680467,5492,-0.023652
5.680470,5493,-0.023652
5.680473,5494,0.020295
5.680475,5495,0.020295
5.680477,5496,0.020295
5.680480,5497,0.020295
5.680483,5498,0.020295
5.680485,5499,0.020295
5.680488,5500,0.020295
5.680491,5501,0.020295
5.680493,5502,0.020295
5.680496,5503,0.020295
5.680498,5504,0.020295
5.680501,5505,-0.023652
5.680503,5506,0.020295
5.680506,5507,-0.023652
5.680508,5508,-0.023652
5.680511,5509,-0.023652
5.680514,5510,-0.023652
5.680516,5511,-0.023652
5.680519,5512,0.020295
5.680521,5513,-0.023652
5.680524,5514,0.020295
5.680526,5515,-0.023652
5.680529,5516,0.020295
5.680532,5517,-0.023652
5.680534,5518,0.020295
5.680537,5519,-0.023652
5.680539,5520,-0.023652
5.680542,5521,0.020295
5.680544,5522,-0.023652
5.680547,5523,-0.023652
5.680550,5524,0.020295
5.680552,5525,0.020295
5.680554,5526,0.020295
5.680557,5527,0.020295
5.680559,5528,-0.023652
5.680562,5529,-0.023652
5.680564,5530,0.020295
5.680566,5531,-0.023652
5.680569,5532,0.020295
5.680571,5533,0.020295
5.680574,5534,0.020295
5.680576,5535,0.020295
5.680578,5536,-0.023652
5.680581,5537,-0.023652
5.680583,5538,0.020295
5.680586,5539,0.020295
5.680588,5540,0.020295
5.680590,5541,-0.023652
5.680593,5542,0.020295
5.680595,5543,-0.023652
5.680597,5544,-0.023652
5.680600,5545,-0.023652
5.680602,5546,-0.023652
5.680605,5547,-0.023652
5.680607,5548,-0.023652
5.680610,5549,-0.023652
5.680612,5550,-0.023652
5.680614,5551,-0.023652
5.680617,5552,-0.023652
5.680619,5553,0.020295
5.680621,5554,0.020295
5.680624,5555,0.020295
5.680626,5556,0.020295
5.680629,5557,-0.023652
5.680631,5558,0.020295
5.680634,5559,0.020295
5.680637,5560,0.020295
5.680639,5561,0.020295
5.680641,5562,-0.023652
5.680644,5563,0.020295
5.680646,5564,0.020295
5.680648,5565,-0.023652
5.680651,5566,-0.023652
5.680653,5567,0.020295
5.680655,5568,0.020295
5.680658,5569,-0.023652
5.680660,5570,-0.023652
5.680663,5571,-0.023652
5.680665,5572,0.020295
5.680667,5573,-0.023652
5.680670,5574,-0.023652
5.680672,5575,0.020295
5.680674,5576,0.020295
5.680677,5577,-0.023652
5.680679,5578,-0.023652
5.680681,5579,0.020295
5.680684,5580,0.020295
5.680686,5581,0.020295
5.680688,5582,0.020295
5.680691,5583,0.020295
5.680693,5584,-0.023652
5.680695,5585,0.020295
5.746992,5586,-0.023652
5.747045,5587,-0.023652
5.747050,5588,0.020295
5.747053,5589,-0.023652
5.747056,5590,0.020295
5.747058,5591,-0.023652
5.747062,5592,-0.023652
5.747065,5593,-0.023652
5.747068,5594,0.020295
5.747071,5595,0.020295
5.747073,5596,0.020295
5.747076,5597,0.020295
5.747079,5598,-0.023652
5.747081,5599,-0.023652
5.747084,5600,0.020295
5.747087,5601,-0.023652
5.747089,5602,0.020295
5.747092,5603,0.020295
5.747094,5604,0.020295
5.747097,5605,0.020295
5.747099,5606,0.020295
5.747101,5607,0.020295
5.747104,5608,-0.023652
5.747106,5609,-0.023652
5.747109,5610,0.020295
5.747112,5611,0.020295
5.747114,5612,0.020295
5.747116,5613,0.020295
5.747119,5614,-0.023652
5.747121,5615,0.020295
5.747124,5616,0.020295
5.747126,5617,0.020295
5.747128,5618,0.020295
5.747130,5619,0.020295
5.747133,5620,0.020295
5.747136,5621,0.020295
5.747138,5622,-0.023652
5.747141,5623,0.020295
5.747143,5624,0.020295
5.747145,5625,-0.023652
5.747148,5626,0.020295
5.747150,5627,0.020295
5.747152,5628,0.020295
5.747155,5629,-0.023652
5.747157,5630,0.020295
5.747160,5631,0.020295
5.747162,5632,0.020295
5.747165,5633,-0.023652
5.747167,5634,0.020295
5.747169,5635,-0.023652
5.813471,5636,0.020295
5.813526,5637,0.020295
5.813530,5638,0.020295
5.813533,5639,0.020295
5.813536,5640,0.020295
5.813539,5641,0.020295
5.813541,5642,-0.023652
5.813545,5643,0.020295
5.813548,5644,-0.023652
5.813551,5645,0.020295
5.813553,5646,0.020295
5.813556,5647,-0.023652
5.813559,5648,0.020295
5.813561,5649,-0.023652
5.813564,5650,0.020295
5.813567,5651,0.020295
5.813569,5652,0.020295
5.813572,5653,0.020295
5.813574,5654,0.020295
5.813576,5655,0.020295
5.813579,5656,0.020295
5.813581,5657,0.020295
5.813583,5658,0.020295
5.813586,5659,0.020295
5.813588,5660,0.020295
5.813591,5661,-0.023652
5.813593,5662,-0.023652
5.813596,5663,0.020295
5.813598,5664,0.020295
5.813601,5665,0.020295
5.813604,5666,-0.023652
5.813606,5667,-0.023652
5.813609,5668,0.020295
5.813611,5669,0.020295
5.813613,5670,-0.023652
5.813616,5671,-0.023652
5.813619,5672,0.020295
5.813621,5673,0.020295
5.813624,5674,-0.023652
5.813626,5675,-0.023652
5.813629,5676,0.020295
5.813631,5677,0.020295
5.813634,5678,0.020295
5.813636,5679,-0.023652
5.813639,5680,-0.023652
5.813641,5681,-0.023652
5.813644,5682,0.020295
5.813646,5683,0.020295
5.813649,5684,0.020295
5.813651,5685,-0.023652
5.813654,5686,-0.023652
5.813656,5687,-0.023652
5.813658,5688,-0.023652
5.813661,5689,-0.023652
5.813663,5690,0.020295
5.813665,5691,-0.023652
5.813668,5692,-0.023652
5.813670,5693,-0.023652
5.813673,5694,0.020295
5.813675,5695,0.020295
5.813677,5696,-0.023652
5.813680,5697,0.020295
5.813682,5698,0.020295
5.813685,5699,0.020295
5.813687,5700,-0.023652
5.813690,5701,0.020295
5.813693,5702,0.020295
5.813695,5703,-0.023652
5.813698,5704,-0.023652
5.813700,5705,0.020295
5.813702,5706,0.020295
5.813705,5707,0.020295
5.813707,5708,0.020295
5.813709,5709,-0.023652
5.813712,5710,-0.023652
5.813714,5711,-0.023652
5.813716,5712,0.020295
5.813719,5713,-0.023652
5.813721,5714,-0.023652
5.813724,5715,0.020295
5.813726,5716,0.020295
5.813728,5717,0.020295
5.813731,5718,-0.023652
5.813733,5719,-0.023652
5.813735,5720,-0.023652
5.813738,5721,0.020295
5.813740,5722,0.020295
5.813742,5723,0.020295
5.813745,5724,0.020295
5.813747,5725,0.020295
5.813749,5726,0.020295
5.813752,5727,-0.023652
5.813754,5728,-0.023652
5.813757,5729,-0.023652
5.813759,5730,0.020295
5.813761,5731,-0.023652
5.813764,5732,-0.023652
5.813766,5733,-0.023652
5.813768,5734,0.020295
5.813771,5735,0.020295
5.864325,5736,0.020295
5.864368,5737,-0.023652
5.864372,5738,0.020295
5.864374,5739,-0.023652
5.864376,5740,0.020295
5.864377,5741,0.020295
5.864379,5742,-0.023652
5.864381,5743,0.020295
5.864382,5744,0.020295
5.864383,5745,-0.023652
5.864384,5746,-0.023652
5.864386,5747,-0.023652
5.864388,5748,0.020295
5.864389,5749,0.020295
5.864390,5750,-0.023652
5.864391,5751,-0.023652
5.864393,5752,-0.023652
5.864394,5753,-0.023652
5.864395,5754,0.020295
5.864396,5755,0.020295
5.864397,5756,-0.023652
5.864399,5757,-0.023652
5.864400,5758,0.020295
5.864401,5759,-0.023652
5.864402,5760,0.020295
5.864403,5761,-0.023652
5.864405,5762,-0.023652
5.864406,5763,0.020295
5.864407,5764,0.020295
5.864409,5765,-0.023652
5.864411,5766,-0.023652
5.864412,5767,0.020295
5.864413,5768,-0.023652
5.864414,5769,-0.023652
5.864415,5770,-0.023652
5.864417,5771,0.020295
5.864418,5772,-0.023652
5.864419,5773,0.020295
5.864420,5774,0.020295
5.864421,5775,0.020295
5.864423,5776,0.020295
5.864424,5777,0.020295
5.864425,5778,0.020295
5.864426,5779,0.020295
5.864427,5780,0.020295
5.864428,5781,0.020295
5.864430,5782,-0.023652
5.864431,5783,-0.023652
5.864432,5784,0.020295
5.864433,5785,-0.023652
5.930402,5786,-0.023652
5.930435,5787,0.020295
5.930440,5788,0.020295
5.930444,5789,0.020295
5.930448,5790,-0.023652
5.930452,5791,-0.023652
5.930455,5792,0.020295
5.930458,5793,-0.023652
5.930462,5794,-0.023652
5.930465,5795,-0.023652
5.930469,5796,0.020295
5.930472,5797,0.020295
5.930475,5798,-0.023652
5.930479,5799,0.020295
5.930482,5800,0.020295
5.930485,5801,-0.023652
5.930489,5802,-0.023652
5.930493,5803,-0.023652
5.930496,5804,0.020295
5.930499,5805,-0.023652
5.930502,5806,0.020295
5.930506,5807,0.020295
5.930509,5808,0.020295
5.930512,5809,-0.023652
5.930515,5810,0.020295
5.930518,5811,-0.023652
5.930522,5812,-0.023652
5.930525,5813,-0.023652
5.930528,5814,-0.023652
5.930531,5815,0.020295
5.930535,5816,0.020295
5.930538,5817,-0.023652
5.930541,5818,0.020295
5.930544,5819,-0.023652
5.930548,5820,-0.023652
5.930551,5821,-0.023652
5.930554,5822,-0.023652
5.930557,5823,0.020295
5.930561,5824,-0.023652
5.930564,5825,-0.023652
5.930567,5826,-0.023652
5.930570,5827,-0.023652
5.930573,5828,-0.023652
5.930577,5829,-0.023652
5.930580,5830,-0.023652
5.930583,5831,0.020295
5.930587,5832,0.020295
5.930590,5833,0.020295
5.930593,5834,0.020295
5.930596,5835,0.020295
5.982998,5836,0.020295
5.983014,5837,0.020295
5.983018,5838,-0.023652
5.983021,5839,-0.023652
5.983024,5840,0.020295
5.983027,5841,-0.023652
5.983029,5842,0.020295
5.983032,5843,0.020295
5.983034,5844,0.020295
5.983037,5845,-0.023652
5.983039,5846,0.020295
5.983042,5847,0.020295
5.983044,5848,0.020295
5.983047,5849,-0.023652
5.983049,5850,-0.023652
5.983052,5851,0.020295
5.983054,5852,-0.023652
5.983056,5853,0.020295
5.983059,5854,-0.023652
5.983061,5855,0.020295
5.983063,5856,0.020295
5.983066,5857,0.020295
5.983068,5858,-0.023652
5.983071,5859,0.020295
5.983073,5860,0.020295
5.983075,5861,0.020295
5.983078,5862,0.020295
5.983080,5863,0.020295
5.983082,5864,0.020295
5.983085,5865,0.020295
5.983087,5866,0.020295
5.983089,5867,-0.023652
5.983092,5868,-0.023652
5.983094,5869,-0.023652
5.983097,5870,0.020295
5.983099,5871,-0.023652
5.983101,5872,-0.023652
5.983104,5873,-0.023652
5.983106,5874,0.020295
5.983109,5875,0.020295
5.983111,5876,0.020295
5.983113,5877,0.020295
5.983116,5878,-0.023652
5.983118,5879,0.020295
5.983120,5880,0.020295
5.983123,5881,-0.023652
5.983125,5882,-0.023652
5.983127,5883,-0.023652
5.983130,5884,-0.023652
5.983132,5885,-0.023652
6.048970,5886,-0.023652
6.049023,5887,-0.023652
6.049028,5888,-0.023652
6.049031,5889,-0.023652
6.049034,5890,0.020295
6.049037,5891,0.020295
6.049040,5892,-0.023652
6.049043,5893,0.020295
6.049045,5894,0.020295
6.049048,5895,0.020295
6.049050,5896,0.020295
6.049053,5897,0.020295
6.049055,5898,0.020295
6.049057,5899,-0.023652
6.049060,5900,0.020295
6.049063,5901,0.020295
6.049065,5902,-0.023652
6.049068,5903,0.020295
6.049070,5904,0.020295
6.049073,5905,-0.023652
6.049075,5906,-0.023652
6.049078,5907,-0.023652
6.049080,5908,0.020295
6.049083,5909,-0.023652
6.049086,5910,-0.023652
6.049088,5911,0.020295
6.049091,5912,0.020295
6.049093,5913,-0.023652
6.049096,5914,0.020295
6.049099,5915,-0.023652
6.049101,5916,0.020295
6.049104,5917,0.020295
6.049106,5918,0.020295
6.049108,5919,0.020295
6.049111,5920,-0.023652
6.049114,5921,0.020295
6.049116,5922,-0.023652
6.049119,5923,-0.023652
6.049121,5924,0.020295
6.049124,5925,-0.023652
6.049126,5926,-0.023652
6.049129,5927,0.020295
6.049131,5928,-0.023652
6.049134,5929,-0.023652
6.049136,5930,-0.023652
6.049138,5931,0.020295
6.049141,5932,0.020295
6.049143,5933,0.020295
6.049145,5934,-0.023652
6.049148,5935,-0.023652
6.115197,5936,0.020295
6.115272,5937,0.020295
6.115277,5938,-0.023652
6.115281,5939,0.020295
6.115284,5940,0.020295
6.115287,5941,-0.023652
6.115290,5942,0.020295
6.115293,5943,0.020295
6.115296,5944,0.020295
6.115299,5945,-0.023652
6.115301,5946,-0.023652
6.115304,5947,-0.023652
6.115307,5948,-0.023652
6.115309,5949,-0.023652
6.115312,5950,0.020295
6.115314,5951,-0.023652
6.115317,5952,0.020295
6.115320,5953,-0.023652
6.115323,5954,-0.023652
6.115325,5955,0.020295
6.115328,5956,0.020295
6.115330,5957,0.020295
6.115333,5958,-0.023652
6.115336,5959,-0.023652
6.115338,5960,0.020295
6.115341,5961,0.020295
6.115343,5962,-0.023652
6.115346,5963,-0.023652
6.115348,5964,0.020295
6.115351,5965,0.020295
6.115353,5966,0.020295
6.115355,5967,0.020295
6.115358,5968,-0.023652
6.115360,5969,-0.023652
6.115363,5970,-0.023652
6.115365,5971,0.020295
6.115367,5972,-0.023652
6.115370,5973,0.020295
6.115372,5974,0.020295
6.115375,5975,-0.023652
6.115377,5976,-0.023652
6.115380,5977,-0.023652
6.115382,5978,0.020295
6.115385,5979,-0.023652
6.115387,5980,-0.023652
6.115390,5981,-0.023652
6.115392,5982,-0.023652
6.115395,5983,0.020295
6.115397,5984,0.020295
6.115400,5985,0.020295
6.115402,5986,0.020295
6.115405,5987,-0.023652
6.115407,5988,-0.023652
6.115410,5989,-0.023652
6.115412,5990,-0.023652
6.115414,5991,-0.023652
6.115417,5992,0.020295
6.115419,5993,0.020295
6.115421,5994,-0.023652
6.115424,5995,0.020295
6.115426,5996,-0.023652
6.115429,5997,0.020295
6.115431,5998,0.020295
6.115433,5999,0.020295
6.115436,6000,0.020295
6.115438,6001,-0.023652
6.115441,6002,0.020295
6.115443,6003,-0.023652
6.115445,6004,-0.023652
6.115448,6005,0.020295
6.115450,6006,-0.023652
6.115453,6007,-0.023652
6.115455,6008,-0.023652
6.115457,6009,0.020295
6.115460,6010,-0.023652
6.115462,6011,0.020295
6.115464,6012,0.020295
6.115467,6013,-0.023652
6.115469,6014,0.020295
6.115471,6015,0.020295
6.115474,6016,-0.023652
6.115476,6017,0.020295
6.115479,6018,-0.023652
6.115481,6019,-0.023652
6.115484,6020,0.020295
6.115486,6021,0.020295
6.115489,6022,-0.023652
6.115491,6023,-0.023652
6.115494,6024,-0.023652
6.115496,6025,-0.023652
6.115498,6026,-0.023652
6.115500,6027,-0.023652
6.115503,6028,-0.023652
6.115506,6029,-0.023652
6.115508,6030,-0.023652
6.115510,6031,-0.023652
6.115513,6032,-0.023652
6.115515,6033,0.020295
6.115518,6034,-0.023652
6.115520,6035,-0.023652
6.181256,6036,0.020295
6.181310,6037,-0.023652
6.181316,6038,0.020295
6.181319,6039,-0.023652
6.181322,6040,-0.023652
6.181325,6041,0.020295
6.181328,6042,0.020295
6.181331,6043,-0.023652
6.181333,6044,-0.023652
6.181336,6045,0.020295
6.181339,6046,0.020295
6.181341,6047,0.020295
6.181344,6048,-0.023652
6.181346,6049,-0.023652
6.181349,6050,-0.023652
6.181351,6051,-0.023652
6.181354,6052,-0.023652
6.181356,6053,-0.023652
6.181359,6054,0.020295
6.181361,6055,0.020295
6.181363,6056,-0.023652
6.181366,6057,-0.023652
6.181369,6058,-0.023652
6.181371,6059,-0.023652
6.181374,6060,-0.023652
6.181376,6061,-0.023652
6.181379,6062,0.020295
6.181381,6063,0.020295
6.181384,6064,0.020295
6.181387,6065,0.020295
6.181389,6066,0.020295
6.181391,6067,0.020295
6.181394,6068,-0.023652
6.181396,6069,-0.023652
6.181399,6070,-0.023652
6.181401,6071,0.020295
6.181404,6072,0.020295
6.181406,6073,0.020295
6.181409,6074,-0.023652
6.181411,6075,-0.023652
6.181414,6076,0.020295
6.181416,6077,0.020295
6.181419,6078,0.020295
6.181421,6079,0.020295
6.181424,6080,-0.023652
6.181426,6081,0.020295
6.181428,6082,0.020295
6.181431,6083,-0.023652
6.181433,6084,0.020295
6.181436,6085,0.020295
6.236086,6086,-0.023652
6.236125,6087,-0.023652
6.236131,6088,-0.023652
6.236135,6089,-0.023652
6.236139,6090,-0.023652
6.236142,6091,-0.023652
6.236146,6092,0.020295
6.236149,6093,0.020295
6.236153,6094,-0.023652
6.236156,6095,-0.023652
6.236159,6096,0.020295
6.236163,6097,0.020295
6.236166,6098,-0.023652
6.236170,6099,0.020295
6.236174,6100,-0.023652
6.236177,6101,-0.023652
6.236180,6102,0.020295
6.236184,6103,-0.023652
6.236187,6104,0.020295
6.236191,6105,0.020295
6.236194,6106,0.020295
6.236197,6107,-0.023652
6.236201,6108,0.020295
6.236204,6109,-0.023652
6.236207,6110,-0.023652
6.236210,6111,0.020295
6.236214,6112,-0.023652
6.236217,6113,0.020295
6.236220,6114,-0.023652
6.236223,6115,-0.023652
6.236227,6116,0.020295
6.236230,6117,0.020295
6.236233,6118,-0.023652
6.236237,6119,-0.023652
6.236240,6120,-0.023652
6.236243,6121,0.020295
6.236246,6122,-0.023652
6.236250,6123,0.020295
6.236253,6124,-0.023652
6.236256,6125,0.020295
6.236259,6126,-0.023652
6.236262,6127,0.020295
6.236266,6128,-0.023652
6.236269,6129,-0.023652
6.236272,6130,-0.023652
6.236275,6131,-0.023652
6.236279,6132,-0.023652
6.236282,6133,-0.023652
6.236285,6134,0.020295
6.236288,6135,0.020295
6.298116,6136,0.020295
6.298154,6137,0.020295
6.298159,6138,-0.023652
6.298162,6139,-0.023652
6.298165,6140,0.020295
6.298167,6141,0.020295
6.298170,6142,-0.023652
6.298173,6143,-0.023652
6.298175,6144,0.020295
6.298178,6145,-0.023652
6.298180,6146,0.020295
6.298183,6147,-0.023652
6.298185,6148,-0.023652
6.298188,6149,-0.023652
6.298190,6150,-0.023652
6.298193,6151,0.020295
6.298195,6152,0.020295
6.298198,6153,-0.023652
6.298200,6154,-0.023652
6.298203,6155,0.020295
6.298205,6156,0.020295
6.298208,6157,-0.023652
6.298210,6158,-0.023652
6.298212,6159,0.020295
6.298215,6160,0.020295
6.298217,6161,0.020295
6.298220,6162,-0.023652
6.298222,6163,-0.023652
6.298225,6164,-0.023652
6.298227,6165,-0.023652
6.298230,6166,0.020295
6.298232,6167,-0.023652
6.298235,6168,-0.023652
6.298237,6169,-0.023652
6.298239,6170,0.020295
6.298242,6171,0.020295
6.298244,6172,-0.023652
6.298247,6173,0.020295
6.298249,6174,-0.023652
6.298251,6175,0.020295
6.298254,6176,-0.023652
6.298256,6177,-0.023652
6.298259,6178,0.020295
6.298261,6179,-0.023652
6.298263,6180,-0.023652
6.298266,6181,0.020295
6.298268,6182,0.020295
6.298271,6183,-0.023652
6.298273,6184,0.020295
6.298275,6185,-0.023652
6.349059,6186,0.020295
6.349092,6187,0.020295
6.349095,6188,0.020295
6.349098,6189,-0.023652
6.349102,6190,-0.023652
6.349105,6191,-0.023652
6.349107,6192,-0.023652
6.349110,6193,-0.023652
6.349112,6194,0.020295
6.349115,6195,0.020295
6.349117,6196,0.020295
6.349120,6197,0.020295
6.349122,6198,-0.023652
6.349125,6199,-0.023652
6.349127,6200,-0.023652
6.349130,6201,0.020295
6.349132,6202,0.020295
6.349135,6203,0.020295
6.349137,6204,0.020295
6.349140,6205,0.020295
6.349142,6206,-0.023652
6.349145,6207,0.020295
6.349147,6208,-0.023652
6.349150,6209,-0.023652
6.349152,6210,-0.023652
6.349155,6211,-0.023652
6.349157,6212,-0.023652
6.349160,6213,-0.023652
6.349162,6214,0.020295
6.349165,6215,0.020295
6.349167,6216,-0.023652
6.349170,6217,0.020295
6.349172,6218,-0.023652
6.349174,6219,0.020295
6.349177,6220,-0.023652
6.349179,6221,0.020295
6.349181,6222,-0.023652
6.349184,6223,-0.023652
6.349186,6224,-0.023652
6.349189,6225,-0.023652
6.349191,6226,-0.023652
6.349193,6227,-0.023652
6.349196,6228,0.020295
6.349198,6229,-0.023652
6.349201,6230,-0.023652
6.349203,6231,-0.023652
6.349205,6232,-0.023652
6.349208,6233,-0.023652
6.349210,6234,0.020295
6.349213,6235,0.020295
6.416040,6236,0.020295
6.416096,6237,0.020295
6.416100,6238,0.020295
6.416104,6239,0.020295
6.416107,6240,0.020295
6.416109,6241,-0.023652
6.416113,6242,-0.023652
6.416116,6243,0.020295
6.416119,6244,0.020295
6.416121,6245,0.020295
6.416123,6246,-0.023652
6.416126,6247,0.020295
6.416128,6248,-0.023652
6.416132,6249,-0.023652
6.416134,6250,-0.023652
6.416137,6251,-0.023652
6.416140,6252,-0.023652
6.416142,6253,-0.023652
6.416145,6254,0.020295
6.416148,6255,0.020295
6.416150,6256,0.020295
6.416153,6257,0.020295
6.416155,6258,-0.023652
6.416158,6259,0.020295
6.416161,6260,0.020295
6.416163,6261,-0.023652
6.416166,6262,-0.023652
6.416168,6263,0.020295
6.416171,6264,-0.023652
6.416173,6265,-0.023652
6.416176,6266,-0.023652
6.416178,6267,-0.023652
6.416180,6268,0.020295
6.416183,6269,-0.023652
6.416186,6270,-0.023652
6.416188,6271,-0.023652
6.416191,6272,0.020295
6.416193,6273,-0.023652
6.416196,6274,-0.023652
6.416198,6275,0.020295
6.416201,6276,-0.023652
6.416203,6277,0.020295
6.416206,6278,0.020295
6.416208,6279,0.020295
6.416211,6280,-0.023652
6.416213,6281,-0.023652
6.416215,6282,0.020295
6.416218,6283,-0.023652
6.416220,6284,-0.023652
6.416223,6285,0.020295
6.416225,6286,0.020295
6.416227,6287,-0.023652
6.416230,6288,-0.023652
6.416232,6289,0.020295
6.416235,6290,-0.023652
6.416237,6291,-0.023652
6.416240,6292,0.020295
6.416242,6293,-0.023652
6.416245,6294,0.020295
6.416247,6295,0.020295
6.416249,6296,0.020295
6.416252,6297,0.020295
6.416254,6298,0.020295
6.416257,6299,-0.023652
6.416259,6300,0.020295
6.416262,6301,-0.023652
6.416265,6302,0.020295
6.416267,6303,0.020295
6.416269,6304,0.020295
6.416272,6305,-0.023652
6.416274,6306,-0.023652
6.416277,6307,-0.023652
6.416279,6308,-0.023652
6.416282,6309,0.020295
6.416284,6310,-0.023652
6.416287,6311,-0.023652
6.416319,6312,0.020295
6.416322,6313,-0.023652
6.416324,6314,-0.023652
6.416326,6315,0.020295
6.416328,6316,0.020295
6.416331,6317,0.020295
6.416333,6318,-0.023652
6.416335,6319,0.020295
6.416338,6320,-0.023652
6.416340,6321,0.020295
6.416343,6322,-0.023652
6.416345,6323,-0.023652
6.416347,6324,-0.023652
6.416350,6325,-0.023652
6.416352,6326,0.020295
6.416354,6327,0.020295
6.416357,6328,0.020295
6.416359,6329,-0.023652
6.416361,6330,-0.023652
6.416364,6331,0.020295
6.416366,6332,-0.023652
6.416368,6333,0.020295
6.416371,6334,-0.023652
6.416373,6335,0.020295
6.481595,6336,-0.023652
6.481643,6337,0.020295
6.481649,6338,0.020295
6.481653,6339,-0.023652
6.481657,6340,0.020295
6.481661,6341,0.020295
6.481664,6342,0.020295
6.481668,6343,0.020295
6.481671,6344,0.020295
6.481674,6345,0.020295
6.481678,6346,-0.023652
6.481681,6347,-0.023652
6.481685,6348,-0.023652
6.481689,6349,-0.023652
6.481692,6350,0.020295
6.481696,6351,-0.023652
6.481700,6352,0.020295
6.481703,6353,0.020295
6.481707,6354,-0.023652
6.481710,6355,0.020295
6.481713,6356,0.020295
6.481717,6357,-0.023652
6.481720,6358,-0.023652
6.481724,6359,-0.023652
6.481727,6360,-0.023652
6.481730,6361,-0.023652
6.481734,6362,0.020295
6.481737,6363,0.020295
6.481740,6364,0.020295
6.481744,6365,-0.023652
6.481748,6366,0.020295
6.481751,6367,-0.023652
6.481754,6368,-0.023652
6.481758,6369,0.020295
6.481761,6370,0.020295
6.481765,6371,0.020295
6.481768,6372,-0.023652
6.481772,6373,0.020295
6.481775,6374,-0.023652
6.481778,6375,0.020295
6.481782,6376,-0.023652
6.481785,6377,-0.023652
6.481788,6378,0.020295
6.481792,6379,-0.023652
6.481795,6380,0.020295
6.481798,6381,-0.023652
6.481802,6382,-0.023652
6.481805,6383,0.020295
6.481808,6384,0.020295
6.481811,6385,-0.023652
6.547070,6386,0.020295
6.547121,6387,0.020295
6.547125,6388,-0.023652
6.547128,6389,-0.023652
6.547131,6390,-0.023652
6.547134,6391,-0.023652
6.547137,6392,-0.023652
6.547140,6393,0.020295
6.547142,6394,0.020295
6.547146,6395,0.020295
6.547148,6396,0.020295
6.547151,6397,0.020295
6.547154,6398,0.020295
6.547157,6399,0.020295
6.547159,6400,-0.023652
6.547163,6401,0.020295
6.547165,6402,0.020295
6.547168,6403,-0.023652
6.547170,6404,-0.023652
6.547173,6405,-0.023652
6.547176,6406,0.020295
6.547179,6407,0.020295
6.547182,6408,-0.023652
6.547184,6409,-0.023652
6.547187,6410,-0.023652
6.547189,6411,-0.023652
6.547192,6412,0.020295
6.547195,6413,0.020295
6.547197,6414,-0.023652
6.547200,6415,0.020295
6.547202,6416,0.020295
6.547205,6417,0.020295
6.547207,6418,-0.023652
6.547210,6419,-0.023652
6.547212,6420,-0.023652
6.547215,6421,0.020295
6.547218,6422,0.020295
6.547220,6423,0.020295
6.547222,6424,0.020295
6.547225,6425,0.020295
6.547227,6426,-0.023652
6.547230,6427,-0.023652
6.547233,6428,0.020295
6.547235,6429,-0.023652
6.547237,6430,0.020295
6.547240,6431,-0.023652
6.547242,6432,0.020295
6.547245,6433,0.020295
6.547247,6434,0.020295
6.547249,6435,-0.023652
6.611275,6436,-0.023652
6.611327,6437,-0.023652
6.611332,6438,0.020295
6.611335,6439,0.020295
6.611339,6440,0.020295
6.611341,6441,0.020295
6.611344,6442,0.020295
6.611347,6443,0.020295
6.611350,6444,0.020295
6.611352,6445,0.020295
6.611355,6446,-0.023652
6.611358,6447,0.020295
6.611361,6448,0.020295
6.611363,6449,0.020295
6.611365,6450,-0.023652
6.611368,6451,-0.023652
6.611371,6452,-0.023652
6.611374,6453,-0.023652
6.611377,6454,0.020295
6.611379,6455,-0.023652
6.611382,6456,-0.023652
6.611384,6457,0.020295
6.611387,6458,0.020295
6.611389,6459,0.020295
6.611391,6460,0.020295
6.611394,6461,0.020295
6.611397,6462,0.020295
6.611400,6463,0.020295
6.611402,6464,-0.023652
6.611405,6465,0.020295
6.611407,6466,0.020295
6.611409,6467,-0.023652
6.611412,6468,0.020295
6.611415,6469,0.020295
6.611417,6470,-0.023652
6.611419,6471,0.020295
6.611421,6472,-0.023652
6.611424,6473,-0.023652
6.611427,6474,-0.023652
6.611429,6475,-0.023652
6.611432,6476,-0.023652
6.611434,6477,0.020295
6.611436,6478,-0.023652
6.611439,6479,0.020295
6.611441,6480,-0.023652
6.611444,6481,-0.023652
6.611446,6482,-0.023652
6.611448,6483,-0.023652
6.611451,6484,-0.023652
6.611453,6485,-0.023652
6.676962,6486,0.020295
6.677017,6487,-0.023652
6.677021,6488,0.020295
6.677024,6489,0.020295
6.677027,6490,-0.023652
6.677030,6491,0.020295
6.677033,6492,0.020295
6.677036,6493,0.020295
6.677039,6494,-0.023652
6.677042,6495,0.020295
6.677045,6496,0.020295
6.677047,6497,-0.023652
6.677050,6498,0.020295
6.677053,6499,0.020295
6.677055,6500,-0.023652
6.677058,6501,-0.023652
6.677060,6502,0.020295
6.677063,6503,-0.023652
6.677065,6504,0.020295
6.677068,6505,0.020295
6.677070,6506,0.020295
6.677072,6507,0.020295
6.677075,6508,0.020295
6.677077,6509,-0.023652
6.677080,6510,-0.023652
6.677083,6511,0.020295
6.677085,6512,-0.023652
6.677087,6513,-0.023652
6.677090,6514,0.020295
6.677092,6515,0.020295
6.677095,6516,0.020295
6.677097,6517,-0.023652
6.677100,6518,0.020295
6.677103,6519,0.020295
6.677105,6520,0.020295
6.677107,6521,-0.023652
6.677110,6522,-0.023652
6.677113,6523,-0.023652
6.677115,6524,0.020295
6.677118,6525,0.020295
6.677120,6526,-0.023652
6.677123,6527,-0.023652
6.677125,6528,0.020295
6.677128,6529,-0.023652
6.677130,6530,-0.023652
6.677133,6531,0.020295
6.677135,6532,-0.023652
6.677138,6533,0.020295
6.677140,6534,0.020295
6.677143,6535,-0.023652
6.677145,6536,0.020295
6.677148,6537,0.020295
6.677150,6538,0.020295
6.677152,6539,-0.023652
6.677155,6540,0.020295
6.677157,6541,0.020295
6.677160,6542,0.020295
6.677162,6543,-0.023652
6.677165,6544,-0.023652
6.677167,6545,0.020295
6.677169,6546,-0.023652
6.677172,6547,-0.023652
6.677175,6548,-0.023652
6.677177,6549,-0.023652
6.677180,6550,0.020295
6.677182,6551,-0.023652
6.677185,6552,-0.023652
6.677187,6553,0.020295
6.677189,6554,0.020295
6.677191,6555,0.020295
6.677194,6556,0.020295
6.677196,6557,0.020295
6.677198,6558,0.020295
6.677201,6559,0.020295
6.677203,6560,0.020295
6.677205,6561,0.020295
6.677207,6562,0.020295
6.677210,6563,-0.023652
6.677212,6564,0.020295
6.677214,6565,0.020295
6.677217,6566,0.020295
6.677219,6567,-0.023652
6.677221,6568,-0.023652
6.677224,6569,-0.023652
6.677226,6570,0.020295
6.677229,6571,0.020295
6.677231,6572,-0.023652
6.677233,6573,-0.023652
6.677236,6574,0.020295
6.677238,6575,0.020295
6.677240,6576,0.020295
6.677243,6577,0.020295
6.677245,6578,0.020295
6.677248,6579,-0.023652
6.677250,6580,-0.023652
6.677252,6581,-0.023652
6.677255,6582,0.020295
6.677257,6583,-0.023652
6.677259,6584,0.020295
6.677262,6585,-0.023652
6.743132,6586,0.020295
6.743189,6587,-0.023652
6.743195,6588,0.020295
6.743198,6589,-0.023652
6.743201,6590,-0.023652
6.743203,6591,-0.023652
6.743206,6592,-0.023652
6.743209,6593,-0.023652
6.743211,6594,0.020295
6.743214,6595,0.020295
6.743217,6596,0.020295
6.743220,6597,-0.023652
6.743222,6598,0.020295
6.743225,6599,0.020295
6.743227,6600,0.020295
6.743230,6601,-0.023652
6.743233,6602,-0.023652
6.743236,6603,-0.023652
6.743239,6604,-0.023652
6.743241,6605,0.020295
6.743244,6606,0.020295
6.743246,6607,-0.023652
6.743248,6608,0.020295
6.743251,6609,0.020295
6.743254,6610,-0.023652
6.743256,6611,0.020295
6.743259,6612,-0.023652
6.743262,6613,-0.023652
6.743264,6614,0.020295
6.743267,6615,0.020295
6.743270,6616,0.020295
6.743272,6617,0.020295
6.743274,6618,-0.023652
6.743277,6619,0.020295
6.743279,6620,0.020295
6.743281,6621,0.020295
6.743283,6622,0.020295
6.743285,6623,-0.023652
6.743288,6624,0.020295
6.743290,6625,-0.023652
6.743293,6626,0.020295
6.743295,6627,-0.023652
6.743298,6628,0.020295
6.743300,6629,0.020295
6.743303,6630,-0.023652
6.743305,6631,-0.023652
6.743307,6632,-0.023652
6.743310,6633,-0.023652
6.743313,6634,0.020295
6.743315,6635,0.020295
6.809034,6636,-0.023652
6.809094,6637,0.020295
6.809098,6638,0.020295
6.809101,6639,0.020295
6.809104,6640,-0.023652
6.809107,6641,0.020295
6.809110,6642,-0.023652
6.809113,6643,-0.023652
6.809115,6644,-0.023652
6.809118,6645,0.020295
6.809121,6646,-0.023652
6.809124,6647,0.020295
6.809126,6648,-0.023652
6.809129,6649,0.020295
6.809132,6650,-0.023652
6.809135,6651,-0.023652
6.809137,6652,-0.023652
6.809140,6653,0.020295
6.809143,6654,-0.023652
6.809145,6655,0.020295
6.809148,6656,-0.023652
6.809150,6657,-0.023652
6.809153,6658,0.020295
6.809155,6659,-0.023652
6.809158,6660,0.020295
6.809160,6661,0.020295
6.809163,6662,-0.023652
6.809165,6663,-0.023652
6.809168,6664,0.020295
6.809170,6665,-0.023652
6.809172,6666,-0.023652
6.809175,6667,0.020295
6.809177,6668,0.020295
6.809179,6669,-0.023652
6.809182,6670,-0.023652
6.809185,6671,0.020295
6.809187,6672,-0.023652
6.809190,6673,-0.023652
6.809192,6674,-0.023652
6.809194,6675,0.020295
6.809197,6676,0.020295
6.809200,6677,-0.023652
6.809202,6678,-0.023652
6.809205,6679,0.020295
6.809207,6680,0.020295
6.809210,6681,-0.023652
6.809212,6682,-0.023652
6.809215,6683,0.020295
6.809217,6684,0.020295
6.809219,6685,0.020295
6.875702,6686,0.020295
6.875738,6687,0.020295
6.875742,6688,-0.023652
6.875746,6689,-0.023652
6.875749,6690,-0.023652
6.875752,6691,-0.023652
6.875754,6692,-0.023652
6.875757,6693,-0.023652
6.875760,6694,0.020295
6.875763,6695,0.020295
6.875765,6696,0.020295
6.875768,6697,0.020295
6.875770,6698,-0.023652
6.875772,6699,-0.023652
6.875775,6700,0.020295
6.875778,6701,-0.023652
6.875780,6702,-0.023652
6.875783,6703,-0.023652
6.875786,6704,-0.023652
6.875788,6705,0.020295
6.875790,6706,-0.023652
6.875793,6707,-0.023652
6.875795,6708,-0.023652
6.875797,6709,-0.023652
6.875800,6710,-0.023652
6.875802,6711,-0.023652
6.875805,6712,-0.023652
6.875807,6713,0.020295
6.875809,6714,-0.023652
6.875812,6715,0.020295
6.875814,6716,-0.023652
6.875817,6717,0.020295
6.875819,6718,0.020295
6.875822,6719,-0.023652
6.875824,6720,-0.023652
6.875826,6721,-0.023652
6.875829,6722,-0.023652
6.875831,6723,0.020295
6.875834,6724,0.020295
6.875836,6725,0.020295
6.875838,6726,-0.023652
6.875841,6727,-0.023652
6.875843,6728,-0.023652
6.875846,6729,0.020295
6.875848,6730,0.020295
6.875851,6731,-0.023652
6.875853,6732,-0.023652
6.875855,6733,-0.023652
6.875858,6734,0.020295
6.875860,6735,-0.023652
6.875862,6736,0.020295
6.875865,6737,-0.023652
6.875867,6738,-0.023652
6.875869,6739,0.020295
6.875872,6740,0.020295
6.875874,6741,0.020295
6.875876,6742,-0.023652
6.875879,6743,0.020295
6.875881,6744,-0.023652
6.875883,6745,-0.023652
6.875886,6746,-0.023652
6.875888,6747,-0.023652
6.875890,6748,0.020295
6.875893,6749,-0.023652
6.875895,6750,0.020295
6.875897,6751,-0.023652
6.875900,6752,-0.023652
6.875902,6753,-0.023652
6.875904,6754,0.020295
6.875907,6755,-0.023652
6.875909,6756,0.020295
6.875911,6757,0.020295
6.875914,6758,-0.023652
6.875916,6759,0.020295
6.875919,6760,0.020295
6.875921,6761,-0.023652
6.875923,6762,0.020295
6.875926,6763,0.020295
6.875928,6764,0.020295
6.875930,6765,-0.023652
6.875933,6766,0.020295
6.875935,6767,0.020295
6.875937,6768,-0.023652
6.875940,6769,-0.023652
6.875942,6770,-0.023652
6.875945,6771,-0.023652
6.875947,6772,0.020295
6.875949,6773,0.020295
6.875952,6774,0.020295
6.875954,6775,-0.023652
6.875956,6776,0.020295
6.875959,6777,0.020295
6.875961,6778,-0.023652
6.875963,6779,0.020295
6.875965,6780,-0.023652
6.875968,6781,0.020295
6.875970,6782,-0.023652
6.875973,6783,0.020295
6.875975,6784,-0.023652
6.875977,6785,-0.023652
6.943047,6786,0.020295
6.943098,6787,-0.023652
6.943103,6788,-0.023652
6.943106,6789,-0.023652
6.943109,6790,-0.023652
6.943112,6791,-0.023652
6.943115,6792,-0.023652
6.943118,6793,-0.023652
6.943121,6794,-0.023652
6.943124,6795,0.020295
6.943126,6796,-0.023652
6.943129,6797,-0.023652
6.943132,6798,0.020295
6.943135,6799,0.020295
6.943137,6800,0.020295
6.943140,6801,-0.023652
6.943143,6802,0.020295
6.943145,6803,-0.023652
6.943148,6804,0.020295
6.943150,6805,-0.023652
6.943153,6806,-0.023652
6.943155,6807,0.020295
6.943158,6808,-0.023652
6.943160,6809,-0.023652
6.943163,6810,-0.023652
6.943165,6811,-0.023652
6.943167,6812,0.020295
6.943170,6813,-0.023652
6.943172,6814,-0.023652
6.943175,6815,0.020295
6.943177,6816,0.020295
6.943180,6817,-0.023652
6.943182,6818,0.020295
6.943184,6819,-0.023652
6.943187,6820,0.020295
6.943190,6821,-0.023652
6.943192,6822,-0.023652
6.943194,6823,-0.023652
6.943197,6824,0.020295
6.943200,6825,-0.023652
6.943203,6826,-0.023652
6.943205,6827,0.020295
6.943207,6828,-0.023652
6.943210,6829,-0.023652
6.943213,6830,-0.023652
6.943216,6831,-0.023652
6.943218,6832,-0.023652
6.943221,6833,-0.023652
6.943224,6834,0.020295
6.943226,6835,0.020295
7.008528,6836,0.020295
7.008557,6837,-0.023652
7.008562,6838,-0.023652
7.008565,6839,-0.023652
7.008568,6840,-0.023652
7.008571,6841,0.020295
7.008573,6842,0.020295
7.008576,6843,-0.023652
7.008578,6844,-0.023652
7.008581,6845,-0.023652
7.008583,6846,0.020295
7.008586,6847,-0.023652
7.008588,6848,-0.023652
7.008591,6849,-0.023652
7.008593,6850,-0.023652
7.008596,6851,-0.023652
7.008598,6852,0.020295
7.008600,6853,-0.023652
7.008603,6854,-0.023652
7.008605,6855,0.020295
7.008608,6856,0.020295
7.008610,6857,-0.023652
7.008613,6858,-0.023652
7.008615,6859,-0.023652
7.008617,6860,-0.023652
7.008620,6861,-0.023652
7.008623,6862,-0.023652
7.008625,6863,0.020295
7.008627,6864,-0.023652
7.008630,6865,0.020295
7.008632,6866,-0.023652
7.008635,6867,-0.023652
7.008637,6868,-0.023652
7.008640,6869,-0.023652
7.008642,6870,0.020295
7.008644,6871,0.020295
7.008647,6872,-0.023652
7.008649,6873,0.020295
7.008652,6874,0.020295
7.008654,6875,0.020295
7.008656,6876,0.020295
7.008659,6877,-0.023652
7.008661,6878,0.020295
7.008664,6879,0.020295
7.008666,6880,0.020295
7.008668,6881,0.020295
7.008671,6882,0.020295
7.008673,6883,-0.023652
7.008675,6884,0.020295
7.008678,6885,0.020295
7.008680,6886,0.020295
7.008682,6887,-0.023652
7.008685,6888,-0.023652
7.008687,6889,-0.023652
7.008690,6890,-0.023652
7.008692,6891,-0.023652
7.008695,6892,0.020295
7.008697,6893,-0.023652
7.008700,6894,0.020295
7.008702,6895,-0.023652
7.008704,6896,-0.023652
7.008707,6897,0.020295
7.008709,6898,-0.023652
7.008712,6899,0.020295
7.008714,6900,-0.023652
7.008717,6901,-0.023652
7.008719,6902,-0.023652
7.008722,6903,-0.023652
7.008724,6904,0.020295
7.008726,6905,0.020295
7.008729,6906,0.020295
7.008731,6907,0.020295
7.008733,6908,-0.023652
7.008736,6909,-0.023652
7.008738,6910,0.020295
7.008741,6911,-0.023652
7.008743,6912,-0.023652
7.008745,6913,-0.023652
7.008748,6914,0.020295
7.008750,6915,0.020295
7.008752,6916,0.020295
7.008755,6917,0.020295
7.008757,6918,0.020295
7.008759,6919,0.020295
7.008762,6920,-0.023652
7.008764,6921,-0.023652
7.008767,6922,0.020295
7.008769,6923,-0.023652
7.008771,6924,0.020295
7.008774,6925,-0.023652
7.008776,6926,0.020295
7.008778,6927,-0.023652
7.008781,6928,-0.023652
7.008783,6929,-0.023652
7.008785,6930,-0.023652
7.008788,6931,-0.023652
7.008790,6932,0.020295
7.008792,6933,0.020295
7.008795,6934,0.020295
7.008797,6935,-0.023652
7.064712,6936,-0.023652
7.064732,6937,-0.023652
7.064736,6938,0.020295
7.064739,6939,-0.023652
7.064743,6940,0.020295
7.064745,6941,-0.023652
7.064748,6942,-0.023652
7.064750,6943,-0.023652
7.064753,6944,-0.023652
7.064756,6945,-0.023652
7.064758,6946,-0.023652
7.064761,6947,-0.023652
7.064763,6948,0.020295
7.064766,6949,-0.023652
7.064768,6950,-0.023652
7.064771,6951,-0.023652
7.064773,6952,0.020295
7.064775,6953,0.020295
7.064778,6954,0.020295
7.064780,6955,0.020295
7.064783,6956,0.020295
7.064785,6957,0.020295
7.064787,6958,-0.023652
7.064789,6959,-0.023652
7.064792,6960,0.020295
7.064794,6961,0.020295
7.064796,6962,-0.023652
7.064799,6963,0.020295
7.064801,6964,0.020295
7.064804,6965,-0.023652
7.064806,6966,-0.023652
7.064809,6967,0.020295
7.064811,6968,-0.023652
7.064813,6969,-0.023652
7.064816,6970,-0.023652
7.064818,6971,-0.023652
7.064821,6972,0.020295
7.064824,6973,0.020295
7.064826,6974,0.020295
7.064828,6975,0.020295
7.064830,6976,0.020295
7.064832,6977,-0.023652
7.064835,6978,0.020295
7.064837,6979,0.020295
7.064840,6980,0.020295
7.064842,6981,0.020295
7.064844,6982,0.020295
7.064847,6983,-0.023652
7.064849,6984,0.020295
7.064851,6985,-0.023652
7.127535,6986,-0.023652
7.127564,6987,0.020295
7.127569,6988,-0.023652
7.127572,6989,0.020295
7.127575,6990,0.020295
7.127577,6991,-0.023652
7.127580,6992,-0.023652
7.127583,6993,-0.023652
7.127585,6994,0.020295
7.127587,6995,0.020295
7.127590,6996,0.020295
7.127593,6997,-0.023652
7.127595,6998,-0.023652
7.127598,6999,-0.023652
7.127600,7000,0.020295
7.127603,7001,0.020295
7.127606,7002,-0.023652
7.127608,7003,0.020295
7.127610,7004,0.020295
7.127613,7005,0.020295
7.127615,7006,0.020295
7.127618,7007,0.020295
7.127620,7008,0.020295
7.127622,7009,-0.023652
7.127625,7010,-0.023652
7.127627,7011,0.020295
7.127630,7012,0.020295
7.127632,7013,0.020295
7.127635,7014,0.020295
7.127637,7015,0.020295
7.127640,7016,0.020295
7.127642,7017,-0.023652
7.127644,7018,0.020295
7.127647,7019,0.020295
7.127649,7020,-0.023652
7.127651,7021,0.020295
7.127654,7022,0.020295
7.127656,7023,0.020295
7.127658,7024,-0.023652
7.127661,7025,0.020295
7.127663,7026,0.020295
7.127665,7027,0.020295
7.127668,7028,-0.023652
7.127670,7029,0.020295
7.127673,7030,0.020295
7.127675,7031,-0.023652
7.127677,7032,-0.023652
7.127680,7033,-0.023652
7.127682,7034,-0.023652
7.127685,7035,0.020295
7.194130,7036,-0.023652
7.194185,7037,-0.023652
7.194190,7038,0.020295
7.194193,7039,0.020295
7.194196,7040,0.020295
7.194199,7041,0.020295
7.194202,7042,0.020295
7.194204,7043,-0.023652
7.194207,7044,0.020295
7.194210,7045,0.020295
7.194213,7046,-0.023652
7.194215,7047,0.020295
7.194218,7048,-0.023652
7.194221,7049,-0.023652
7.194223,7050,-0.023652
7.194226,7051,-0.023652
7.194229,7052,0.020295
7.194231,7053,-0.023652
7.194234,7054,0.020295
7.194237,7055,0.020295
7.194239,7056,0.020295
7.194242,7057,0.020295
7.194244,7058,-0.023652
7.194247,7059,0.020295
7.194250,7060,-0.023652
7.194252,7061,-0.023652
7.194255,7062,0.020295
7.194257,7063,0.020295
7.194260,7064,-0.023652
7.194262,7065,-0.023652
7.194265,7066,-0.023652
7.194267,7067,-0.023652
7.194270,7068,-0.023652
7.194272,7069,0.020295
7.194275,7070,0.020295
7.194277,7071,-0.023652
7.194280,7072,0.020295
7.194282,7073,0.020295
7.194284,7074,0.020295
7.194287,7075,0.020295
7.194289,7076,-0.023652
7.194292,7077,0.020295
7.194294,7078,0.020295
7.194296,7079,-0.023652
7.194299,7080,-0.023652
7.194301,7081,0.020295
7.194304,7082,-0.023652
7.194306,7083,0.020295
7.194309,7084,-0.023652
7.194311,7085,-0.023652
7.258965,7086,0.020295
7.259002,7087,0.020295
7.259006,7088,-0.023652
7.259010,7089,-0.023652
7.259013,7090,-0.023652
7.259016,7091,0.020295
7.259018,7092,-0.023652
7.259021,7093,-0.023652
7.259023,7094,0.020295
7.259026,7095,-0.023652
7.259028,7096,0.020295
7.259031,7097,0.020295
7.259033,7098,0.020295
7.259036,7099,-0.023652
7.259038,7100,0.020295
7.259041,7101,0.020295
7.259044,7102,-0.023652
7.259046,7103,-0.023652
7.259048,7104,-0.023652
7.259051,7105,0.020295
7.259054,7106,0.020295
7.259056,7107,-0.023652
7.259058,7108,-0.023652
7.259061,7109,-0.023652
7.259063,7110,-0.023652
7.259066,7111,0.020295
7.259068,7112,-0.023652
7.259071,7113,0.020295
7.259073,7114,-0.023652
7.259076,7115,-0.023652
7.259078,7116,0.020295
7.259080,7117,0.020295
7.259083,7118,0.020295
7.259085,7119,0.020295
7.259087,7120,0.020295
7.259090,7121,-0.023652
7.259093,7122,-0.023652
7.259095,7123,0.020295
7.259097,7124,-0.023652
7.259100,7125,0.020295
7.259102,7126,0.020295
7.259104,7127,-0.023652
7.259107,7128,-0.023652
7.259109,7129,0.020295
7.259112,7130,-0.023652
7.259114,7131,-0.023652
7.259117,7132,-0.023652
7.259119,7133,0.020295
7.259122,7134,0.020295
7.259124,7135,0.020295
7.325749,7136,0.020295
7.325804,7137,0.020295
7.325809,7138,-0.023652
7.325813,7139,0.020295
7.325816,7140,-0.023652
7.325819,7141,-0.023652
7.325822,7142,-0.023652
7.325824,7143,-0.023652
7.325827,7144,-0.023652
7.325830,7145,-0.023652
7.325833,7146,-0.023652
7.325835,7147,-0.023652
7.325838,7148,-0.023652
7.325841,7149,-0.023652
7.325843,7150,-0.023652
7.325846,7151,-0.023652
7.325848,7152,-0.023652
7.325851,7153,-0.023652
7.325854,7154,0.020295
7.325856,7155,-0.023652
7.325859,7156,0.020295
7.325862,7157,-0.023652
7.325864,7158,-0.023652
7.325867,7159,0.020295
7.325870,7160,-0.023652
7.325872,7161,0.020295
7.325875,7162,0.020295
7.325877,7163,-0.023652
7.325880,7164,0.020295
7.325882,7165,0.020295
7.325885,7166,0.020295
7.325887,7167,-0.023652
7.325890,7168,-0.023652
7.325892,7169,0.020295
7.325895,7170,-0.023652
7.325897,7171,-0.023652
7.325899,7172,-0.023652
7.325902,7173,0.020295
7.325904,7174,-0.023652
7.325906,7175,-0.023652
7.325909,7176,0.020295
7.325911,7177,0.020295
7.325914,7178,0.020295
7.325916,7179,-0.023652
7.325919,7180,-0.023652
7.325921,7181,-0.023652
7.325924,7182,-0.023652
7.325926,7183,-0.023652
7.325928,7184,0.020295
7.325931,7185,-0.023652
7.325933,7186,0.020295
7.325935,7187,0.020295
7.325938,7188,0.020295
7.325940,7189,-0.023652
7.325942,7190,-0.023652
7.325945,7191,-0.023652
7.325947,7192,0.020295
7.325950,7193,-0.023652
7.325952,7194,-0.023652
7.325954,7195,0.020295
7.325957,7196,0.020295
7.325959,7197,-0.023652
7.325962,7198,0.020295
7.325964,7199,0.020295
7.325966,7200,-0.023652
7.325969,7201,0.020295
7.325971,7202,0.020295
7.325974,7203,-0.023652
7.325976,7204,-0.023652
7.325978,7205,0.020295
7.325981,7206,0.020295
7.325983,7207,0.020295
7.325985,7208,0.020295
7.325988,7209,0.020295
7.325990,7210,-0.023652
7.325992,7211,-0.023652
7.325995,7212,-0.023652
7.325997,7213,-0.023652
7.326000,7214,-0.023652
7.326002,7215,-0.023652
7.326005,7216,0.020295
7.326007,7217,0.020295
7.326009,7218,-0.023652
7.326012,7219,0.020295
7.326014,7220,-0.023652
7.326016,7221,-0.023652
7.326019,7222,-0.023652
7.326021,7223,-0.023652
7.326023,7224,-0.023652
7.326026,7225,0.020295
7.326028,7226,-0.023652
7.326030,7227,0.020295
7.326033,7228,-0.023652
7.326035,7229,-0.023652
7.326038,7230,-0.023652
7.326041,7231,0.020295
7.326043,7232,0.020295
7.326045,7233,-0.023652
7.326048,7234,0.020295
7.326050,7235,0.020295
7.393075,7236,-0.023652
7.393134,7237,-0.023652
7.393140,7238,0.020295
7.393143,7239,-0.023652
7.393146,7240,-0.023652
7.393148,7241,-0.023652
7.393151,7242,-0.023652
7.393153,7243,0.020295
7.393156,7244,0.020295
7.393159,7245,0.020295
7.393161,7246,0.020295
7.393164,7247,0.020295
7.393167,7248,-0.023652
7.393169,7249,-0.023652
7.393172,7250,0.020295
7.393174,7251,-0.023652
7.393177,7252,0.020295
7.393179,7253,0.020295
7.393181,7254,-0.023652
7.393184,7255,0.020295
7.393187,7256,0.020295
7.393189,7257,0.020295
7.393191,7258,-0.023652
7.393194,7259,0.020295
7.393196,7260,0.020295
7.393199,7261,-0.023652
7.393201,7262,-0.023652
7.393204,7263,0.020295
7.393206,7264,0.020295
7.393209,7265,-0.023652
7.393211,7266,-0.023652
7.393214,7267,0.020295
7.393217,7268,-0.023652
7.393219,7269,-0.023652
7.393222,7270,-0.023652
7.393224,7271,-0.023652
7.393226,7272,-0.023652
7.393229,7273,-0.023652
7.393231,7274,0.020295
7.393234,7275,-0.023652
7.393236,7276,0.020295
7.393238,7277,0.020295
7.393241,7278,0.020295
7.393243,7279,-0.023652
7.393246,7280,0.020295
7.393248,7281,-0.023652
7.393251,7282,-0.023652
7.393253,7283,-0.023652
7.393255,7284,0.020295
7.393258,7285,0.020295
7.458409,7286,-0.023652
7.458466,7287,0.020295
7.458471,7288,-0.023652
7.458476,7289,-0.023652
7.458480,7290,-0.023652
7.458484,7291,0.020295
7.458487,7292,0.020295
7.458491,7293,0.020295
7.458495,7294,-0.023652
7.458498,7295,0.020295
7.458502,7296,-0.023652
7.458506,7297,0.020295
7.458509,7298,-0.023652
7.458513,7299,-0.023652
7.458517,7300,-0.023652
7.458520,7301,0.020295
7.458523,7302,0.020295
7.458526,7303,0.020295
7.458530,7304,0.020295
7.458534,7305,0.020295
7.458537,7306,-0.023652
7.458540,7307,0.020295
7.458543,7308,-0.023652
7.458547,7309,0.020295
7.458551,7310,-0.023652
7.458554,7311,0.020295
7.458558,7312,0.020295
7.458561,7313,0.020295
7.458564,7314,-0.023652
7.458568,7315,0.020295
7.458571,7316,0.020295
7.458574,7317,0.020295
7.458577,7318,0.020295
7.458580,7319,0.020295
7.458584,7320,0.020295
7.458587,7321,-0.023652
7.458590,7322,-0.023652
7.458593,7323,0.020295
7.458596,7324,0.020295
7.458599,7325,-0.023652
7.458603,7326,-0.023652
7.458606,7327,-0.023652
7.458609,7328,-0.023652
7.458613,7329,-0.023652
7.458616,7330,-0.023652
7.458619,7331,0.020295
7.458622,7332,-0.023652
7.458626,7333,0.020295
7.458629,7334,0.020295
7.458632,7335,0.020295
7.458635,7336,0.020295
7.458639,7337,0.020295
7.458642,7338,-0.023652
7.458645,7339,0.020295
7.458649,7340,0.020295
7.458652,7341,0.020295
7.458655,7342,0.020295
7.458658,7343,0.020295
7.458661,7344,-0.023652
7.458665,7345,-0.023652
7.458668,7346,0.020295
7.458671,7347,0.020295
7.458674,7348,-0.023652
7.458677,7349,0.020295
7.458680,7350,-0.023652
7.458684,7351,0.020295
7.458687,7352,-0.023652
7.458690,7353,0.020295
7.458693,7354,-0.023652
7.458696,7355,0.020295
7.458699,7356,-0.023652
7.458703,7357,0.020295
7.458706,7358,0.020295
7.458709,7359,0.020295
7.458712,7360,-0.023652
7.458716,7361,-0.023652
7.458719,7362,0.020295
7.458722,7363,0.020295
7.458725,7364,-0.023652
7.458728,7365,0.020295
7.458731,7366,0.020295
7.458735,7367,-0.023652
7.458738,7368,-0.023652
7.458741,7369,-0.023652
7.458745,7370,0.020295
7.458748,7371,0.020295
7.458751,7372,-0.023652
7.458754,7373,-0.023652
7.458758,7374,0.020295
7.458761,7375,-0.023652
7.458764,7376,-0.023652
7.458767,7377,0.020295
7.458771,7378,-0.023652
7.458774,7379,0.020295
7.458777,7380,-0.023652
7.458780,7381,0.020295
7.458783,7382,-0.023652
7.458787,7383,0.020295
7.458790,7384,0.020295
7.458793,7385,0.020295
7.523204,7386,-0.023652
7.523228,7387,-0.023652
7.523230,7388,-0.023652
7.523232,7389,0.020295
7.523233,7390,-0.023652
7.523235,7391,-0.023652
7.523237,7392,0.020295
7.523238,7393,-0.023652
7.523240,7394,0.020295
7.523241,7395,0.020295
7.523243,7396,-0.023652
7.523245,7397,0.020295
7.523246,7398,-0.023652
7.523248,7399,0.020295
7.523249,7400,-0.023652
7.523251,7401,-0.023652
7.523253,7402,0.020295
7.523255,7403,0.020295
7.523256,7404,0.020295
7.523258,7405,-0.023652
7.523259,7406,0.020295
7.523261,7407,-0.023652
7.523262,7408,-0.023652
7.523264,7409,0.020295
7.523265,7410,-0.023652
7.523267,7411,0.020295
7.523268,7412,-0.023652
7.523270,7413,-0.023652
7.523272,7414,-0.023652
7.523273,7415,0.020295
7.523275,7416,0.020295
7.523276,7417,0.020295
7.523278,7418,0.020295
7.523279,7419,0.020295
7.523281,7420,0.020295
7.523282,7421,0.020295
7.523284,7422,0.020295
7.523285,7423,0.020295
7.523287,7424,-0.023652
7.523288,7425,-0.023652
7.523290,7426,0.020295
7.523291,7427,-0.023652
7.523293,7428,-0.023652
7.523295,7429,0.020295
7.523296,7430,0.020295
7.523298,7431,-0.023652
7.523299,7432,-0.023652
7.523301,7433,0.020295
7.523302,7434,-0.023652
7.523304,7435,-0.023652
7.585754,7436,0.020295
7.585792,7437,0.020295
7.585796,7438,0.020295
7.585800,7439,0.020295
7.585802,7440,-0.023652
7.585806,7441,0.020295
7.585809,7442,0.020295
7.585812,7443,0.020295
7.585814,7444,-0.023652
7.585817,7445,-0.023652
7.585820,7446,0.020295
7.585823,7447,0.020295
7.585826,7448,0.020295
7.585828,7449,0.020295
7.585831,7450,-0.023652
7.585834,7451,0.020295
7.585837,7452,-0.023652
7.585839,7453,-0.023652
7.585842,7454,0.020295
7.585845,7455,-0.023652
7.585848,7456,0.020295
7.585851,7457,0.020295
7.585853,7458,0.020295
7.585856,7459,-0.023652
7.585859,7460,0.020295
7.585861,7461,0.020295
7.585864,7462,0.020295
7.585867,7463,-0.023652
7.585869,7464,0.020295
7.585872,7465,-0.023652
7.585875,7466,-0.023652
7.585877,7467,0.020295
7.585880,7468,0.020295
7.585883,7469,0.020295
7.585886,7470,-0.023652
7.585888,7471,-0.023652
7.585891,7472,0.020295
7.585894,7473,-0.023652
7.585897,7474,-0.023652
7.585899,7475,0.020295
7.585902,7476,0.020295
7.585905,7477,0.020295
7.585907,7478,-0.023652
7.585910,7479,0.020295
7.585912,7480,0.020295
7.585915,7481,-0.023652
7.585918,7482,-0.023652
7.585921,7483,0.020295
7.585923,7484,0.020295
7.585926,7485,-0.023652
7.636551,7486,0.020295
7.636596,7487,-0.023652
7.636599,7488,-0.023652
7.636601,7489,-0.023652
7.636603,7490,0.020295
7.636604,7491,-0.023652
7.636606,7492,0.020295
7.636608,7493,-0.023652
7.636609,7494,-0.023652
7.636611,7495,0.020295
7.636612,7496,0.020295
7.636614,7497,0.020295
7.636616,7498,-0.023652
7.636618,7499,0.020295
7.636619,7500,0.020295
7.636620,7501,0.020295
7.636622,7502,0.020295
7.636624,7503,-0.023652
7.636625,7504,-0.023652
7.636627,7505,0.020295
7.636628,7506,-0.023652
7.636630,7507,-0.023652
7.636631,7508,-0.023652
7.636633,7509,-0.023652
7.636634,7510,-0.023652
7.636635,7511,0.020295
7.636637,7512,-0.023652
7.636638,7513,0.020295
7.636640,7514,-0.023652
7.636641,7515,-0.023652
7.636643,7516,0.020295
7.636645,7517,0.020295
7.636647,7518,0.020295
7.636648,7519,0.020295
7.636649,7520,0.020295
7.636651,7521,-0.023652
7.636652,7522,-0.023652
7.636654,7523,0.020295
7.636655,7524,0.020295
7.636657,7525,0.020295
7.636658,7526,-0.023652
7.636659,7527,0.020295
7.636661,7528,-0.023652
7.636662,7529,-0.023652
7.636664,7530,-0.023652
7.636665,7531,-0.023652
7.636667,7532,-0.023652
7.636670,7533,-0.023652
7.636673,7534,-0.023652
7.636677,7535,0.020295
7.702360,7536,0.020295
7.702412,7537,-0.023652
7.702417,7538,0.020295
7.702420,7539,0.020295
7.702424,7540,0.020295
7.702426,7541,0.020295
7.702429,7542,0.020295
7.702432,7543,0.020295
7.702434,7544,0.020295
7.702437,7545,0.020295
7.702439,7546,0.020295
7.702442,7547,0.020295
7.702444,7548,0.020295
7.702446,7549,-0.023652
7.702449,7550,0.020295
7.702452,7551,0.020295
7.702454,7552,0.020295
7.702457,7553,-0.023652
7.702460,7554,0.020295
7.702462,7555,-0.023652
7.702465,7556,0.020295
7.702468,7557,0.020295
7.702470,7558,-0.023652
7.702473,7559,-0.023652
7.702475,7560,0.020295
7.702478,7561,-0.023652
7.702480,7562,0.020295
7.702483,7563,0.020295
7.702485,7564,0.020295
7.702488,7565,0.020295
7.702490,7566,-0.023652
7.702493,7567,0.020295
7.702495,7568,-0.023652
7.702497,7569,-0.023652
7.702500,7570,0.020295
7.702502,7571,-0.023652
7.702505,7572,0.020295
7.702508,7573,0.020295
7.702510,7574,0.020295
7.702513,7575,0.020295
7.702515,7576,0.020295
7.702517,7577,-0.023652
7.702520,7578,-0.023652
7.702522,7579,0.020295
7.702525,7580,0.020295
7.702527,7581,0.020295
7.702530,7582,-0.023652
7.702532,7583,0.020295
7.702535,7584,-0.023652
7.702537,7585,-0.023652
7.767569,7586,0.020295
7.767626,7587,-0.023652
7.767632,7588,-0.023652
7.767635,7589,0.020295
7.767638,7590,-0.023652
7.767641,7591,0.020295
7.767644,7592,-0.023652
7.767646,7593,-0.023652
7.767649,7594,0.020295
7.767651,7595,0.020295
7.767654,7596,0.020295
7.767657,7597,0.020295
7.767659,7598,0.020295
7.767661,7599,-0.023652
7.767664,7600,-0.023652
7.767667,7601,-0.023652
7.767670,7602,-0.023652
7.767672,7603,-0.023652
7.767675,7604,-0.023652
7.767678,7605,0.020295
7.767680,7606,0.020295
7.767683,7607,0.020295
7.767685,7608,0.020295
7.767688,7609,-0.023652
7.767691,7610,-0.023652
7.767693,7611,-0.023652
7.767696,7612,-0.023652
7.767698,7613,0.020295
7.767701,7614,0.020295
7.767703,7615,0.020295
7.767706,7616,-0.023652
7.767708,7617,0.020295
7.767711,7618,0.020295
7.767713,7619,0.020295
7.767715,7620,0.020295
7.767718,7621,-0.023652
7.767720,7622,0.020295
7.767723,7623,0.020295
7.767725,7624,0.020295
7.767727,7625,0.020295
7.767730,7626,-0.023652
7.767732,7627,-0.023652
7.767734,7628,-0.023652
7.767737,7629,-0.023652
7.767739,7630,-0.023652
7.767742,7631,0.020295
7.767744,7632,0.020295
7.767747,7633,-0.023652
7.767749,7634,-0.023652
7.767752,7635,0.020295
7.767754,7636,-0.023652
7.767757,7637,-0.023652
7.767759,7638,0.020295
7.767762,7639,0.020295
7.767764,7640,-0.023652
7.767767,7641,0.020295
7.767769,7642,0.020295
7.767771,7643,0.020295
7.767773,7644,0.020295
7.767776,7645,-0.023652
7.767778,7646,-0.023652
7.767781,7647,0.020295
7.767784,7648,-0.023652
7.767786,7649,0.020295
7.767788,7650,-0.023652
7.767791,7651,0.020295
7.767793,7652,0.020295
7.767796,7653,0.020295
7.767798,7654,0.020295
7.767801,7655,0.020295
7.767803,7656,0.020295
7.767806,7657,0.020295
7.767808,7658,0.020295
7.767810,7659,0.020295
7.767813,7660,-0.023652
7.767815,7661,0.020295
7.767817,7662,-0.023652
7.767820,7663,0.020295
7.767822,7664,0.020295
7.767824,7665,-0.023652
7.767827,7666,-0.023652
7.767830,7667,0.020295
7.767832,7668,0.020295
7.767834,7669,0.020295
7.767837,7670,-0.023652
7.767839,7671,0.020295
7.767841,7672,0.020295
7.767844,7673,-0.023652
7.767846,7674,-0.023652
7.767848,7675,-0.023652
7.767851,7676,0.020295
7.767853,7677,0.020295
7.767855,7678,-0.023652
7.767858,7679,0.020295
7.767861,7680,0.020295
7.767863,7681,-0.023652
7.767865,7682,-0.023652
7.767868,7683,0.020295
7.767870,7684,0.020295
7.767872,7685,-0.023652
7.834147,7686,-0.023652
7.834202,7687,-0.023652
7.834207,7688,0.020295
7.834210,7689,0.020295
7.834213,7690,-0.023652
7.834216,7691,-0.023652
7.834218,7692,0.020295
7.834221,7693,-0.023652
7.834223,7694,0.020295
7.834226,7695,0.020295
7.834229,7696,-0.023652
7.834231,7697,-0.023652
7.834234,7698,0.020295
7.834236,7699,0.020295
7.834239,7700,-0.023652
7.834242,7701,0.020295
7.834245,7702,-0.023652
7.834248,7703,0.020295
7.834250,7704,-0.023652
7.834253,7705,-0.023652
7.834256,7706,-0.023652
7.834258,7707,-0.023652
7.834261,7708,0.020295
7.834263,7709,-0.023652
7.834265,7710,-0.023652
7.834268,7711,-0.023652
7.834270,7712,-0.023652
7.834273,7713,-0.023652
7.834275,7714,0.020295
7.834278,7715,0.020295
7.834281,7716,-0.023652
7.834283,7717,0.020295
7.834286,7718,-0.023652
7.834288,7719,-0.023652
7.834291,7720,-0.023652
7.834293,7721,-0.023652
7.834296,7722,0.020295
7.834298,7723,-0.023652
7.834301,7724,-0.023652
7.834303,7725,0.020295
7.834306,7726,0.020295
7.834308,7727,0.020295
7.834310,7728,0.020295
7.834314,7729,-0.023652
7.834316,7730,-0.023652
7.834319,7731,-0.023652
7.834321,7732,-0.023652
7.834324,7733,-0.023652
7.834326,7734,0.020295
7.834329,7735,-0.023652
7.899166,7736,-0.023652
7.899217,7737,0.020295
7.899222,7738,0.020295
7.899226,7739,0.020295
7.899228,7740,0.020295
7.899231,7741,0.020295
7.899234,7742,-0.023652
7.899237,7743,0.020295
7.899240,7744,0.020295
7.899243,7745,0.020295
7.899246,7746,-0.023652
7.899249,7747,0.020295
7.899251,7748,-0.023652
7.899254,7749,0.020295
7.899256,7750,-0.023652
7.899258,7751,-0.023652
7.899261,7752,0.020295
7.899263,7753,0.020295
7.899266,7754,0.020295
7.899268,7755,0.020295
7.899271,7756,0.020295
7.899273,7757,-0.023652
7.899277,7758,0.020295
7.899279,7759,-0.023652
7.899282,7760,0.020295
7.899284,7761,0.020295
7.899286,7762,-0.023652
7.899289,7763,-0.023652
7.899291,7764,0.020295
7.899294,7765,-0.023652
7.899296,7766,0.020295
7.899299,7767,0.020295
7.899301,7768,-0.023652
7.899304,7769,-0.023652
7.899306,7770,-0.023652
7.899309,7771,-0.023652
7.899311,7772,0.020295
7.899314,7773,0.020295
7.899316,7774,0.020295
7.899318,7775,-0.023652
7.899321,7776,0.020295
7.899323,7777,0.020295
7.899325,7778,0.020295
7.899328,7779,0.020295
7.899330,7780,0.020295
7.899332,7781,-0.023652
7.899335,7782,-0.023652
7.899338,7783,-0.023652
7.899341,7784,0.020295
7.899343,7785,0.020295
7.966204,7786,-0.023652
7.966259,7787,-0.023652
7.966263,7788,-0.023652
7.966266,7789,0.020295
7.966270,7790,-0.023652
7.966272,7791,0.020295
7.966275,7792,-0.023652
7.966278,7793,0.020295
7.966281,7794,0.020295
7.966284,7795,0.020295
7.966287,7796,-0.023652
7.966289,7797,0.020295
7.966292,7798,-0.023652
7.966295,7799,-0.023652
7.966297,7800,0.020295
7.966300,7801,-0.023652
7.966303,7802,-0.023652
7.966305,7803,0.020295
7.966308,7804,0.020295
7.966310,7805,0.020295
7.966314,7806,0.020295
7.966316,7807,0.020295
7.966319,7808,-0.023652
7.966321,7809,-0.023652
7.966324,7810,-0.023652
7.966327,7811,-0.023652
7.966329,7812,0.020295
7.966332,7813,-0.023652
7.966334,7814,0.020295
7.966336,7815,-0.023652
7.966339,7816,0.020295
7.966341,7817,0.020295
7.966344,7818,0.020295
7.966346,7819,0.020295
7.966348,7820,0.020295
7.966351,7821,0.020295
7.966353,7822,0.020295
7.966355,7823,0.020295
7.966358,7824,-0.023652
7.966360,7825,-0.023652
7.966363,7826,0.020295
7.966366,7827,0.020295
7.966368,7828,-0.023652
7.966371,7829,-0.023652
7.966373,7830,-0.023652
7.966375,7831,0.020295
7.966378,7832,0.020295
7.966380,7833,-0.023652
7.966383,7834,0.020295
7.966385,7835,-0.023652
7.966387,7836,-0.023652
7.966390,7837,0.020295
7.966393,7838,-0.023652
7.966395,7839,0.020295
7.966398,7840,-0.023652
7.966400,7841,-0.023652
7.966403,7842,0.020295
7.966405,7843,0.020295
7.966407,7844,0.020295
7.966410,7845,-0.023652
7.966412,7846,-0.023652
7.966415,7847,-0.023652
7.966417,7848,0.020295
7.966419,7849,-0.023652
7.966422,7850,-0.023652
7.966425,7851,0.020295
7.966427,7852,-0.023652
7.966430,7853,0.020295
7.966432,7854,0.020295
7.966434,7855,0.020295
7.966437,7856,0.020295
7.966439,7857,-0.023652
7.966442,7858,-0.023652
7.966444,7859,0.020295
7.966446,7860,0.020295
7.966449,7861,0.020295
7.966451,7862,0.020295
7.966454,7863,0.020295
7.966456,7864,0.020295
7.966458,7865,0.020295
7.966461,7866,0.020295
7.966463,7867,-0.023652
7.966466,7868,-0.023652
7.966468,7869,-0.023652
7.966471,7870,-0.023652
7.966473,7871,-0.023652
7.966475,7872,-0.023652
7.966478,7873,0.020295
7.966480,7874,-0.023652
7.966483,7875,0.020295
7.966485,7876,0.020295
7.966487,7877,0.020295
7.966490,7878,0.020295
7.966492,7879,0.020295
7.966494,7880,-0.023652
7.966497,7881,0.020295
7.966499,7882,0.020295
7.966501,7883,-0.023652
7.966504,7884,-0.023652
7.966507,7885,-0.023652
8.080446,7886,-0.023652
8.080497,7887,-0.023652
8.080502,7888,-0.023652
8.080505,7889,-0.023652
8.080509,7890,-0.023652
8.080512,7891,-0.023652
8.080514,7892,-0.023652
8.080517,7893,0.020295
8.080520,7894,0.020295
8.080522,7895,0.020295
8.080524,7896,0.020295
8.080527,7897,0.020295
8.080529,7898,0.020295
8.080531,7899,0.020295
8.080534,7900,-0.023652
8.080537,7901,-0.023652
8.080539,7902,0.020295
8.080542,7903,0.020295
8.080544,7904,-0.023652
8.080547,7905,-0.023652
8.080550,7906,-0.023652
8.080552,7907,-0.023652
8.080555,7908,-0.023652
8.080557,7909,-0.023652
8.080560,7910,0.020295
8.080563,7911,0.020295
8.080565,7912,-0.023652
8.080567,7913,-0.023652
8.080570,7914,0.020295
8.080572,7915,0.020295
8.080575,7916,0.020295
8.080577,7917,0.020295
8.080580,7918,-0.023652
8.080582,7919,0.020295
8.080585,7920,-0.023652
8.080587,7921,0.020295
8.080589,7922,0.020295
8.080592,7923,-0.023652
8.080594,7924,0.020295
8.080597,7925,-0.023652
8.080599,7926,0.020295
8.080601,7927,-0.023652
8.080604,7928,0.020295
8.080607,7929,-0.023652
8.080609,7930,-0.023652
8.080611,7931,-0.023652
8.080614,7932,0.020295
8.080617,7933,-0.023652
8.080619,7934,-0.023652
8.080622,7935,-0.023652
8.080624,7936,0.020295
8.080627,7937,0.020295
8.080629,7938,0.020295
8.080632,7939,0.020295
8.080634,7940,-0.023652
8.080637,7941,0.020295
8.080639,7942,0.020295
8.080641,7943,0.020295
8.080644,7944,-0.023652
8.080646,7945,0.020295
8.080649,7946,-0.023652
8.080651,7947,0.020295
8.080654,7948,-0.023652
8.080656,7949,-0.023652
8.080659,7950,-0.023652
8.080661,7951,-0.023652
8.080664,7952,0.020295
8.080666,7953,0.020295
8.080668,7954,0.020295
8.080671,7955,0.020295
8.080673,7956,0.020295
8.080675,7957,0.020295
8.080678,7958,0.020295
8.080680,7959,0.020295
8.080682,7960,0.020295
8.080684,7961,0.020295
8.080687,7962,0.020295
8.080689,7963,0.020295
8.080691,7964,-0.023652
8.080694,7965,0.020295
8.080696,7966,0.020295
8.080698,7967,-0.023652
8.080701,7968,-0.023652
8.080703,7969,-0.023652
8.080706,7970,-0.023652
8.080708,7971,0.020295
8.080711,7972,0.020295
8.080713,7973,0.020295
8.080715,7974,0.020295
8.080718,7975,0.020295
8.080720,7976,-0.023652
8.080722,7977,0.020295
8.080724,7978,-0.023652
8.080727,7979,-0.023652
8.080729,7980,0.020295
8.080732,7981,-0.023652
8.080734,7982,-0.023652
8.080736,7983,-0.023652
8.080739,7984,0.020295
8.080741,7985,-0.023652
8.132244,7986,-0.023652
8.132301,7987,-0.023652
8.132305,7988,-0.023652
8.132309,7989,-0.023652
8.132312,7990,-0.023652
8.132315,7991,0.020295
8.132318,7992,-0.023652
8.132320,7993,-0.023652
8.132323,7994,-0.023652
8.132326,7995,0.020295
8.132329,7996,0.020295
8.132331,7997,0.020295
8.132334,7998,0.020295
8.132337,7999,0.020295
8.132339,8000,0.020295
8.132342,8001,0.020295
8.132345,8002,0.020295
8.132347,8003,0.020295
8.132350,8004,0.020295
8.132352,8005,-0.023652
8.132355,8006,-0.023652
8.132357,8007,-0.023652
8.132360,8008,-0.023652
8.132363,8009,-0.023652
8.132366,8010,-0.023652
8.132369,8011,-0.023652
8.132371,8012,-0.023652
8.132373,8013,-0.023652
8.132376,8014,0.020295
8.132378,8015,0.020295
8.132381,8016,0.020295
8.132383,8017,0.020295
8.132386,8018,-0.023652
8.132388,8019,0.020295
8.132391,8020,-0.023652
8.132394,8021,-0.023652
8.132396,8022,0.020295
8.132398,8023,-0.023652
8.132401,8024,-0.023652
8.132403,8025,-0.023652
8.132406,8026,0.020295
8.132408,8027,0.020295
8.132410,8028,0.020295
8.132412,8029,0.020295
8.132415,8030,0.020295
8.132418,8031,0.020295
8.132420,8032,-0.023652
8.132422,8033,0.020295
8.132425,8034,0.020295
8.132427,8035,0.020295
8.199238,8036,0.020295
8.199291,8037,0.020295
8.199296,8038,0.020295
8.199298,8039,0.020295
8.199302,8040,0.020295
8.199305,8041,-0.023652
8.199308,8042,-0.023652
8.199312,8043,-0.023652
8.199314,8044,-0.023652
8.199317,8045,-0.023652
8.199320,8046,0.020295
8.199323,8047,-0.023652
8.199326,8048,-0.023652
8.199329,8049,-0.023652
8.199331,8050,0.020295
8.199334,8051,0.020295
8.199336,8052,0.020295
8.199338,8053,0.020295
8.199341,8054,0.020295
8.199344,8055,0.020295
8.199346,8056,0.020295
8.199348,8057,0.020295
8.199351,8058,0.020295
8.199353,8059,-0.023652
8.199356,8060,0.020295
8.199358,8061,0.020295
8.199360,8062,-0.023652
8.199363,8063,-0.023652
8.199366,8064,-0.023652
8.199368,8065,0.020295
8.199371,8066,0.020295
8.199373,8067,0.020295
8.199376,8068,-0.023652
8.199378,8069,0.020295
8.199381,8070,0.020295
8.199383,8071,-0.023652
8.199386,8072,0.020295
8.199388,8073,0.020295
8.199390,8074,0.020295
8.199393,8075,0.020295
8.199395,8076,0.020295
8.199398,8077,0.020295
8.199400,8078,0.020295
8.199402,8079,-0.023652
8.199405,8080,0.020295
8.199407,8081,-0.023652
8.199410,8082,0.020295
8.199412,8083,-0.023652
8.199415,8084,-0.023652
8.199417,8085,-0.023652
8.265315,8086,0.020295
8.265372,8087,-0.023652
8.265377,8088,-0.023652
8.265380,8089,-0.023652
8.265384,8090,-0.023652
8.265386,8091,0.020295
8.265389,8092,0.020295
8.265392,8093,-0.023652
8.265395,8094,-0.023652
8.265398,8095,0.020295
8.265400,8096,0.020295
8.265403,8097,0.020295
8.265405,8098,-0.023652
8.265408,8099,0.020295
8.265411,8100,-0.023652
8.265414,8101,0.020295
8.265416,8102,-0.023652
8.265419,8103,0.020295
8.265422,8104,0.020295
8.265424,8105,0.020295
8.265427,8106,0.020295
8.265429,8107,-0.023652
8.265431,8108,-0.023652
8.265434,8109,-0.023652
8.265436,8110,-0.023652
8.265439,8111,0.020295
8.265441,8112,0.020295
8.265444,8113,-0.023652
8.265446,8114,0.020295
8.265449,8115,0.020295
8.265452,8116,-0.023652
8.265454,8117,0.020295
8.265456,8118,0.020295
8.265458,8119,0.020295
8.265461,8120,-0.023652
8.265463,8121,-0.023652
8.265466,8122,0.020295
8.265468,8123,0.020295
8.265471,8124,0.020295
8.265473,8125,0.020295
8.265476,8126,0.020295
8.265478,8127,-0.023652
8.265481,8128,0.020295
8.265483,8129,-0.023652
8.265485,8130,-0.023652
8.265488,8131,0.020295
8.265490,8132,-0.023652
8.265493,8133,0.020295
8.265495,8134,0.020295
8.265497,8135,-0.023652
8.265500,8136,0.020295
8.265502,8137,-0.023652
8.265505,8138,0.020295
8.265507,8139,0.020295
8.265509,8140,0.020295
8.265512,8141,0.020295
8.265514,8142,-0.023652
8.265516,8143,0.020295
8.265519,8144,-0.023652
8.265521,8145,-0.023652
8.265524,8146,0.020295
8.265526,8147,0.020295
8.265528,8148,-0.023652
8.265530,8149,-0.023652
8.265533,8150,-0.023652
8.265536,8151,-0.023652
8.265538,8152,-0.023652
8.265540,8153,0.020295
8.265543,8154,0.020295
8.265545,8155,0.020295
8.265547,8156,-0.023652
8.265550,8157,0.020295
8.265552,8158,0.020295
8.265554,8159,0.020295
8.265557,8160,-0.023652
8.265559,8161,-0.023652
8.265562,8162,-0.023652
8.265564,8163,0.020295
8.265566,8164,-0.023652
8.265569,8165,0.020295
8.265571,8166,-0.023652
8.265574,8167,-0.023652
8.265576,8168,0.020295
8.265578,8169,-0.023652
8.265581,8170,-0.023652
8.265583,8171,0.020295
8.265586,8172,-0.023652
8.265588,8173,0.020295
8.265590,8174,0.020295
8.265593,8175,-0.023652
8.265683,8176,0.020295
8.265704,8177,0.020295
8.265708,8178,0.020295
8.265711,8179,-0.023652
8.265714,8180,-0.023652
8.265716,8181,0.020295
8.265719,8182,0.020295
8.265721,8183,0.020295
8.265724,8184,-0.023652
8.265726,8185,0.020295
8.331749,8186,0.020295
8.331808,8187,0.020295
8.331813,8188,-0.023652
8.331817,8189,0.020295
8.331821,8190,-0.023652
8.331824,8191,0.020295
8.331827,8192,-0.023652
8.331829,8193,-0.023652
8.331833,8194,0.020295
8.331835,8195,0.020295
8.331837,8196,-0.023652
8.331840,8197,-0.023652
8.331843,8198,0.020295
8.331846,8199,-0.023652
8.331849,8200,-0.023652
8.331852,8201,0.020295
8.331854,8202,0.020295
8.331857,8203,0.020295
8.331859,8204,-0.023652
8.331862,8205,0.020295
8.331864,8206,0.020295
8.331867,8207,0.020295
8.331869,8208,0.020295
8.331873,8209,0.020295
8.331875,8210,-0.023652
8.331878,8211,0.020295
8.331880,8212,-0.023652
8.331883,8213,-0.023652
8.331886,8214,0.020295
8.331888,8215,0.020295
8.331891,8216,0.020295
8.331894,8217,0.020295
8.331896,8218,0.020295
8.331899,8219,0.020295
8.331901,8220,0.020295
8.331903,8221,0.020295
8.331906,8222,-0.023652
8.331909,8223,0.020295
8.331911,8224,0.020295
8.331914,8225,0.020295
8.331916,8226,0.020295
8.331919,8227,-0.023652
8.331921,8228,0.020295
8.331924,8229,-0.023652
8.331926,8230,-0.023652
8.331929,8231,0.020295
8.331931,8232,0.020295
8.331934,8233,0.020295
8.331937,8234,0.020295
8.331939,8235,-0.023652
8.398450,8236,0.020295
8.398506,8237,0.020295
8.398510,8238,0.020295
8.398513,8239,-0.023652
8.398517,8240,-0.023652
8.398520,8241,0.020295
8.398522,8242,-0.023652
8.398526,8243,0.020295
8.398528,8244,0.020295
8.398531,8245,0.020295
8.398533,8246,0.020295
8.398536,8247,-0.023652
8.398539,8248,0.020295
8.398541,8249,0.020295
8.398544,8250,-0.023652
8.398546,8251,0.020295
8.398549,8252,-0.023652
8.398551,8253,-0.023652
8.398554,8254,0.020295
8.398556,8255,-0.023652
8.398559,8256,0.020295
8.398561,8257,0.020295
8.398564,8258,0.020295
8.398566,8259,0.020295
8.398569,8260,0.020295
8.398571,8261,0.020295
8.398573,8262,-0.023652
8.398576,8263,0.020295
8.398578,8264,-0.023652
8.398581,8265,0.020295
8.398584,8266,0.020295
8.398586,8267,-0.023652
8.398589,8268,-0.023652
8.398591,8269,-0.023652
8.398594,8270,0.020295
8.398597,8271,-0.023652
8.398599,8272,0.020295
8.398601,8273,0.020295
8.398604,8274,0.020295
8.398606,8275,0.020295
8.398609,8276,0.020295
8.398611,8277,0.020295
8.398614,8278,0.020295
8.398616,8279,-0.023652
8.398619,8280,-0.023652
8.398621,8281,-0.023652
8.398623,8282,0.020295
8.398626,8283,0.020295
8.398628,8284,-0.023652
8.398630,8285,0.020295
8.464340,8286,-0.023652
8.464398,8287,-0.023652
8.464403,8288,-0.023652
8.464406,8289,-0.023652
8.464410,8290,-0.023652
8.464413,8291,-0.023652
8.464416,8292,-0.023652
8.464419,8293,-0.023652
8.464422,8294,0.020295
8.464424,8295,-0.023652
8.464427,8296,-0.023652
8.464430,8297,0.020295
8.464433,8298,-0.023652
8.464435,8299,0.020295
8.464438,8300,0.020295
8.464441,8301,0.020295
8.464444,8302,-0.023652
8.464446,8303,-0.023652
8.464449,8304,-0.023652
8.464451,8305,-0.023652
8.464453,8306,0.020295
8.464456,8307,-0.023652
8.464459,8308,-0.023652
8.464461,8309,-0.023652
8.464464,8310,-0.023652
8.464466,8311,-0.023652
8.464469,8312,0.020295
8.464472,8313,-0.023652
8.464474,8314,-0.023652
8.464477,8315,0.020295
8.464479,8316,-0.023652
8.464481,8317,0.020295
8.464484,8318,-0.023652
8.464487,8319,-0.023652
8.464489,8320,0.020295
8.464491,8321,0.020295
8.464494,8322,0.020295
8.464496,8323,-0.023652
8.464499,8324,0.020295
8.464501,8325,0.020295
8.464504,8326,0.020295
8.464506,8327,0.020295
8.464508,8328,-0.023652
8.464511,8329,-0.023652
8.464513,8330,-0.023652
8.464516,8331,0.020295
8.464518,8332,0.020295
8.464521,8333,0.020295
8.464523,8334,-0.023652
8.464525,8335,0.020295
8.530419,8336,0.020295
8.530473,8337,-0.023652
8.530479,8338,0.020295
8.530481,8339,0.020295
8.530484,8340,0.020295
8.530487,8341,-0.023652
8.530489,8342,0.020295
8.530492,8343,-0.023652
8.530494,8344,-0.023652
8.530497,8345,0.020295
8.530500,8346,0.020295
8.530503,8347,-0.023652
8.530506,8348,-0.023652
8.530508,8349,0.020295
8.530511,8350,-0.023652
8.530514,8351,0.020295
8.530517,8352,-0.023652
8.530520,8353,0.020295
8.530522,8354,-0.023652
8.530525,8355,0.020295
8.530527,8356,0.020295
8.530529,8357,0.020295
8.530532,8358,-0.023652
8.530535,8359,0.020295
8.530537,8360,0.020295
8.530540,8361,0.020295
8.530542,8362,0.020295
8.530544,8363,-0.023652
8.530547,8364,0.020295
8.530549,8365,-0.023652
8.530552,8366,-0.023652
8.530555,8367,0.020295
8.530557,8368,0.020295
8.530559,8369,0.020295
8.530561,8370,0.020295
8.530564,8371,-0.023652
8.530566,8372,-0.023652
8.530568,8373,0.020295
8.530571,8374,-0.023652
8.530573,8375,-0.023652
8.530576,8376,0.020295
8.530578,8377,-0.023652
8.530581,8378,-0.023652
8.530583,8379,-0.023652
8.530586,8380,0.020295
8.530588,8381,0.020295
8.530591,8382,-0.023652
8.530593,8383,0.020295
8.530596,8384,0.020295
8.530598,8385,-0.023652
8.530601,8386,0.020295
8.530603,8387,-0.023652
8.530605,8388,-0.023652
8.530608,8389,-0.023652
8.530610,8390,-0.023652
8.530613,8391,0.020295
8.530615,8392,-0.023652
8.530618,8393,-0.023652
8.530620,8394,-0.023652
8.530623,8395,-0.023652
8.530625,8396,0.020295
8.530627,8397,-0.023652
8.530630,8398,-0.023652
8.530632,8399,0.020295
8.530635,8400,0.020295
8.530637,8401,0.020295
8.530640,8402,0.020295
8.530642,8403,0.020295
8.530644,8404,-0.023652
8.530647,8405,-0.023652
8.530649,8406,-0.023652
8.530651,8407,-0.023652
8.530654,8408,0.020295
8.530656,8409,-0.023652
8.530659,8410,-0.023652
8.530661,8411,-0.023652
8.530664,8412,-0.023652
8.530666,8413,-0.023652
8.530668,8414,-0.023652
8.530671,8415,0.020295
8.530673,8416,0.020295
8.530675,8417,-0.023652
8.530678,8418,0.020295
8.530681,8419,-0.023652
8.530683,8420,-0.023652
8.530685,8421,0.020295
8.530687,8422,0.020295
8.530690,8423,0.020295
8.530692,8424,0.020295
8.530694,8425,-0.023652
8.530697,8426,0.020295
8.530699,8427,0.020295
8.530701,8428,-0.023652
8.530704,8429,0.020295
8.530706,8430,0.020295
8.530708,8431,0.020295
8.530711,8432,0.020295
8.530713,8433,0.020295
8.530715,8434,-0.023652
8.530718,8435,0.020295
8.593975,8436,0.020295
8.594009,8437,0.020295
8.594014,8438,-0.023652
8.594018,8439,0.020295
8.594022,8440,0.020295
8.594026,8441,-0.023652
8.594029,8442,-0.023652
8.594032,8443,-0.023652
8.594036,8444,0.020295
8.594039,8445,0.020295
8.594043,8446,0.020295
8.594046,8447,0.020295
8.594050,8448,0.020295
8.594053,8449,-0.023652
8.594056,8450,0.020295
8.594060,8451,0.020295
8.594063,8452,-0.023652
8.594066,8453,0.020295
8.594069,8454,0.020295
8.594073,8455,0.020295
8.594076,8456,0.020295
8.594079,8457,0.020295
8.594082,8458,-0.023652
8.594086,8459,-0.023652
8.594089,8460,0.020295
8.594092,8461,-0.023652
8.594096,8462,0.020295
8.594099,8463,-0.023652
8.594102,8464,-0.023652
8.594105,8465,0.020295
8.594109,8466,0.020295
8.594112,8467,-0.023652
8.594115,8468,-0.023652
8.594118,8469,-0.023652
8.594122,8470,0.020295
8.594125,8471,0.020295
8.594128,8472,0.020295
8.594131,8473,0.020295
8.594134,8474,-0.023652
8.594138,8475,-0.023652
8.594141,8476,0.020295
8.594144,8477,0.020295
8.594147,8478,0.020295
8.594150,8479,0.020295
8.594154,8480,0.020295
8.594157,8481,-0.023652
8.594160,8482,-0.023652
8.594164,8483,0.020295
8.594167,8484,0.020295
8.594170,8485,0.020295
8.648480,8486,0.020295
8.648511,8487,-0.023652
8.648514,8488,0.020295
8.648516,8489,0.020295
8.648518,8490,0.020295
8.648520,8491,-0.023652
8.648522,8492,-0.023652
8.648524,8493,0.020295
8.648526,8494,-0.023652
8.648527,8495,0.020295
8.648528,8496,-0.023652
8.648530,8497,-0.023652
8.648531,8498,0.020295
8.648532,8499,-0.023652
8.648533,8500,-0.023652
8.648535,8501,0.020295
8.648536,8502,0.020295
8.648537,8503,0.020295
8.648539,8504,-0.023652
8.648540,8505,0.020295
8.648541,8506,-0.023652
8.648543,8507,-0.023652
8.648544,8508,-0.023652
8.648545,8509,-0.023652
8.648546,8510,-0.023652
8.648547,8511,0.020295
8.648549,8512,0.020295
8.648550,8513,0.020295
8.648551,8514,-0.023652
8.648552,8515,-0.023652
8.648553,8516,0.020295
8.648554,8517,-0.023652
8.648556,8518,0.020295
8.648557,8519,-0.023652
8.648558,8520,0.020295
8.648559,8521,-0.023652
8.648560,8522,0.020295
8.648561,8523,-0.023652
8.648562,8524,0.020295
8.648563,8525,-0.023652
8.648564,8526,0.020295
8.648566,8527,0.020295
8.648567,8528,-0.023652
8.648568,8529,-0.023652
8.648569,8530,-0.023652
8.648570,8531,-0.023652
8.648571,8532,-0.023652
8.648573,8533,0.020295
8.648573,8534,-0.023652
8.648575,8535,0.020295
8.715033,8536,0.020295
8.715086,8537,0.020295
8.715090,8538,0.020295
8.715094,8539,0.020295
8.715097,8540,0.020295
8.715100,8541,0.020295
8.715102,8542,-0.023652
8.715105,8543,-0.023652
8.715108,8544,0.020295
8.715110,8545,0.020295
8.715113,8546,0.020295
8.715115,8547,-0.023652
8.715118,8548,-0.023652
8.715120,8549,0.020295
8.715123,8550,-0.023652
8.715126,8551,0.020295
8.715128,8552,-0.023652
8.715131,8553,0.020295
8.715134,8554,0.020295
8.715136,8555,-0.023652
8.715139,8556,-0.023652
8.715141,8557,0.020295
8.715144,8558,0.020295
8.715146,8559,0.020295
8.715148,8560,0.020295
8.715151,8561,0.020295
8.715153,8562,-0.023652
8.715156,8563,0.020295
8.715158,8564,-0.023652
8.715161,8565,0.020295
8.715163,8566,0.020295
8.715166,8567,0.020295
8.715168,8568,0.020295
8.715170,8569,0.020295
8.715173,8570,-0.023652
8.715175,8571,-0.023652
8.715178,8572,-0.023652
8.715181,8573,-0.023652
8.715183,8574,-0.023652
8.715186,8575,0.020295
8.715188,8576,0.020295
8.715191,8577,0.020295
8.715193,8578,0.020295
8.715196,8579,0.020295
8.715198,8580,0.020295
8.715200,8581,-0.023652
8.715203,8582,0.020295
8.715205,8583,-0.023652
8.715208,8584,-0.023652
8.715210,8585,0.020295
8.715213,8586,0.020295
8.715215,8587,0.020295
8.715217,8588,-0.023652
8.715220,8589,-0.023652
8.715222,8590,0.020295
8.715224,8591,-0.023652
8.715227,8592,-0.023652
8.715229,8593,-0.023652
8.715232,8594,0.020295
8.715234,8595,0.020295
8.715237,8596,-0.023652
8.715239,8597,-0.023652
8.715242,8598,-0.023652
8.715244,8599,0.020295
8.715247,8600,-0.023652
8.715249,8601,-0.023652
8.715252,8602,0.020295
8.715254,8603,0.020295
8.715257,8604,0.020295
8.715259,8605,-0.023652
8.715261,8606,-0.023652
8.715264,8607,-0.023652
8.715266,8608,-0.023652
8.715268,8609,-0.023652
8.715271,8610,-0.023652
8.715273,8611,0.020295
8.715275,8612,-0.023652
8.715278,8613,0.020295
8.715280,8614,-0.023652
8.715282,8615,0.020295
8.715285,8616,-0.023652
8.715287,8617,-0.023652
8.715290,8618,0.020295
8.715292,8619,-0.023652
8.715294,8620,0.020295
8.715297,8621,-0.023652
8.715299,8622,0.020295
8.715302,8623,-0.023652
8.715304,8624,-0.023652
8.715306,8625,-0.023652
8.715309,8626,0.020295
8.715311,8627,-0.023652
8.715314,8628,-0.023652
8.715316,8629,0.020295
8.715318,8630,-0.023652
8.715321,8631,-0.023652
8.715324,8632,-0.023652
8.715326,8633,-0.023652
8.715328,8634,0.020295
8.715331,8635,0.020295
8.780589,8636,0.020295
8.780627,8637,0.020295
8.780631,8638,0.020295
8.780633,8639,0.020295
8.780636,8640,-0.023652
8.780639,8641,-0.023652
8.780642,8642,0.020295
8.780645,8643,0.020295
8.780647,8644,0.020295
8.780650,8645,0.020295
8.780652,8646,0.020295
8.780655,8647,0.020295
8.780657,8648,0.020295
8.780660,8649,-0.023652
8.780662,8650,0.020295
8.780665,8651,0.020295
8.780667,8652,0.020295
8.780669,8653,0.020295
8.780672,8654,0.020295
8.780674,8655,0.020295
8.780676,8656,0.020295
8.780679,8657,0.020295
8.780681,8658,0.020295
8.780684,8659,0.020295
8.780686,8660,0.020295
8.780689,8661,-0.023652
8.780691,8662,-0.023652
8.780694,8663,0.020295
8.780696,8664,0.020295
8.780698,8665,0.020295
8.780701,8666,-0.023652
8.780703,8667,-0.023652
8.780705,8668,-0.023652
8.780708,8669,0.020295
8.780710,8670,-0.023652
8.780713,8671,-0.023652
8.780715,8672,0.020295
8.780718,8673,-0.023652
8.780720,8674,0.020295
8.780722,8675,0.020295
8.780725,8676,0.020295
8.780727,8677,-0.023652
8.780729,8678,-0.023652
8.780732,8679,0.020295
8.780734,8680,-0.023652
8.780737,8681,-0.023652
8.780739,8682,0.020295
8.780741,8683,0.020295
8.780744,8684,-0.023652
8.780746,8685,0.020295
8.831224,8686,-0.023652
8.831277,8687,0.020295
8.831281,8688,-0.023652
8.831285,8689,-0.023652
8.831288,8690,-0.023652
8.831292,8691,-0.023652
8.831295,8692,0.020295
8.831297,8693,0.020295
8.831300,8694,-0.023652
8.831302,8695,0.020295
8.831305,8696,0.020295
8.831308,8697,-0.023652
8.831310,8698,-0.023652
8.831313,8699,0.020295
8.831315,8700,-0.023652
8.831318,8701,-0.023652
8.831321,8702,0.020295
8.831324,8703,0.020295
8.831326,8704,-0.023652
8.831329,8705,0.020295
8.831331,8706,-0.023652
8.831334,8707,-0.023652
8.831337,8708,0.020295
8.831339,8709,-0.023652
8.831342,8710,-0.023652
8.831344,8711,-0.023652
8.831347,8712,0.020295
8.831349,8713,0.020295
8.831352,8714,0.020295
8.831355,8715,0.020295
8.831357,8716,-0.023652
8.831360,8717,-0.023652
8.831362,8718,0.020295
8.831365,8719,0.020295
8.831367,8720,-0.023652
8.831369,8721,-0.023652
8.831372,8722,-0.023652
8.831374,8723,-0.023652
8.831377,8724,-0.023652
8.831379,8725,-0.023652
8.831381,8726,-0.023652
8.831384,8727,-0.023652
8.831386,8728,-0.023652
8.831388,8729,0.020295
8.831391,8730,0.020295
8.831393,8731,0.020295
8.831395,8732,0.020295
8.831398,8733,-0.023652
8.831400,8734,-0.023652
8.831403,8735,-0.023652
8.897546,8736,0.020295
8.897588,8737,0.020295
8.897590,8738,-0.023652
8.897592,8739,0.020295
8.897594,8740,0.020295
8.897595,8741,0.020295
8.897597,8742,-0.023652
8.897599,8743,0.020295
8.897600,8744,0.020295
8.897601,8745,0.020295
8.897603,8746,0.020295
8.897604,8747,-0.023652
8.897605,8748,-0.023652
8.897607,8749,0.020295
8.897608,8750,-0.023652
8.897610,8751,-0.023652
8.897611,8752,-0.023652
8.897612,8753,-0.023652
8.897614,8754,0.020295
8.897615,8755,0.020295
8.897616,8756,0.020295
8.897617,8757,0.020295
8.897619,8758,-0.023652
8.897621,8759,0.020295
8.897624,8760,0.020295
8.897626,8761,-0.023652
8.897628,8762,0.020295
8.897630,8763,0.020295
8.897632,8764,0.020295
8.897635,8765,0.020295
8.897637,8766,0.020295
8.897639,8767,0.020295
8.897641,8768,0.020295
8.897643,8769,0.020295
8.897645,8770,0.020295
8.897647,8771,-0.023652
8.897649,8772,-0.023652
8.897652,8773,0.020295
8.897654,8774,-0.023652
8.897657,8775,0.020295
8.897659,8776,0.020295
8.897662,8777,-0.023652
8.897664,8778,0.020295
8.897666,8779,-0.023652
8.897668,8780,-0.023652
8.897671,8781,0.020295
8.897673,8782,0.020295
8.897675,8783,-0.023652
8.897678,8784,0.020295
8.897680,8785,0.020295
8.962548,8786,0.020295
8.962603,8787,0.020295
8.962607,8788,0.020295
8.962610,8789,-0.023652
8.962614,8790,0.020295
8.962617,8791,0.020295
8.962619,8792,0.020295
8.962622,8793,-0.023652
8.962625,8794,-0.023652
8.962628,8795,0.020295
8.962630,8796,0.020295
8.962633,8797,0.020295
8.962636,8798,-0.023652
8.962639,8799,0.020295
8.962641,8800,0.020295
8.962644,8801,0.020295
8.962646,8802,-0.023652
8.962649,8803,-0.023652
8.962652,8804,0.020295
8.962655,8805,0.020295
8.962657,8806,0.020295
8.962659,8807,-0.023652
8.962662,8808,-0.023652
8.962664,8809,-0.023652
8.962667,8810,-0.023652
8.962670,8811,0.020295
8.962672,8812,-0.023652
8.962675,8813,0.020295
8.962677,8814,0.020295
8.962680,8815,0.020295
8.962682,8816,0.020295
8.962685,8817,0.020295
8.962687,8818,0.020295
8.962689,8819,-0.023652
8.962692,8820,-0.023652
8.962695,8821,0.020295
8.962697,8822,-0.023652
8.962699,8823,-0.023652
8.962702,8824,0.020295
8.962705,8825,0.020295
8.962707,8826,0.020295
8.962709,8827,0.020295
8.962711,8828,-0.023652
8.962714,8829,-0.023652
8.962716,8830,-0.023652
8.962719,8831,0.020295
8.962721,8832,0.020295
8.962724,8833,0.020295
8.962726,8834,0.020295
8.962729,8835,0.020295
8.962731,8836,0.020295
8.962733,8837,-0.023652
8.962736,8838,0.020295
8.962738,8839,-0.023652
8.962741,8840,0.020295
8.962743,8841,0.020295
8.962745,8842,0.020295
8.962748,8843,0.020295
8.962750,8844,-0.023652
8.962752,8845,0.020295
8.962755,8846,-0.023652
8.962757,8847,0.020295
8.962760,8848,-0.023652
8.962762,8849,-0.023652
8.962765,8850,-0.023652
8.962767,8851,-0.023652
8.962770,8852,-0.023652
8.962772,8853,0.020295
8.962774,8854,0.020295
8.962777,8855,0.020295
8.962779,8856,-0.023652
8.962782,8857,0.020295
8.962784,8858,-0.023652
8.962786,8859,0.020295
8.962788,8860,-0.023652
8.962791,8861,-0.023652
8.962793,8862,0.020295
8.962796,8863,0.020295
8.962798,8864,-0.023652
8.962800,8865,0.020295
8.962802,8866,0.020295
8.962805,8867,0.020295
8.962807,8868,-0.023652
8.962810,8869,-0.023652
8.962812,8870,-0.023652
8.962814,8871,-0.023652
8.962817,8872,-0.023652
8.962819,8873,0.020295
8.962821,8874,0.020295
8.962824,8875,0.020295
8.962826,8876,-0.023652
8.962828,8877,-0.023652
8.962831,8878,-0.023652
8.962833,8879,-0.023652
8.962835,8880,0.020295
8.962838,8881,0.020295
8.962840,8882,-0.023652
8.962843,8883,-0.023652
8.962845,8884,-0.023652
8.962848,8885,0.020295
9.029015,8886,-0.023652
9.029069,8887,-0.023652
9.029074,8888,-0.023652
9.029077,8889,0.020295
9.029080,8890,-0.023652
9.029083,8891,0.020295
9.029086,8892,-0.023652
9.029089,8893,-0.023652
9.029092,8894,0.020295
9.029094,8895,0.020295
9.029097,8896,0.020295
9.029100,8897,0.020295
9.029103,8898,0.020295
9.029105,8899,0.020295
9.029108,8900,0.020295
9.029111,8901,0.020295
9.029113,8902,0.020295
9.029115,8903,0.020295
9.029118,8904,-0.023652
9.029121,8905,0.020295
9.029123,8906,-0.023652
9.029126,8907,0.020295
9.029129,8908,-0.023652
9.029132,8909,-0.023652
9.029135,8910,-0.023652
9.029137,8911,-0.023652
9.029140,8912,-0.023652
9.029142,8913,-0.023652
9.029145,8914,0.020295
9.029147,8915,-0.023652
9.029150,8916,0.020295
9.029152,8917,-0.023652
9.029155,8918,-0.023652
9.029157,8919,-0.023652
9.029160,8920,0.020295
9.029162,8921,0.020295
9.029164,8922,-0.023652
9.029167,8923,-0.023652
9.029169,8924,0.020295
9.029172,8925,0.020295
9.029174,8926,-0.023652
9.029177,8927,0.020295
9.029179,8928,-0.023652
9.029182,8929,-0.023652
9.029184,8930,0.020295
9.029186,8931,0.020295
9.029189,8932,-0.023652
9.029191,8933,0.020295
9.029194,8934,0.020295
9.029196,8935,0.020295
9.080096,8936,0.020295
9.080146,8937,0.020295
9.080152,8938,-0.023652
9.080157,8939,-0.023652
9.080161,8940,0.020295
9.080165,8941,0.020295
9.080168,8942,0.020295
9.080172,8943,0.020295
9.080175,8944,0.020295
9.080179,8945,0.020295
9.080182,8946,0.020295
9.080186,8947,0.020295
9.080189,8948,-0.023652
9.080193,8949,-0.023652
9.080196,8950,0.020295
9.080199,8951,0.020295
9.080202,8952,0.020295
9.080206,8953,0.020295
9.080210,8954,0.020295
9.080213,8955,0.020295
9.080216,8956,-0.023652
9.080220,8957,0.020295
9.080223,8958,-0.023652
9.080227,8959,0.020295
9.080230,8960,0.020295
9.080233,8961,-0.023652
9.080236,8962,-0.023652
9.080239,8963,0.020295
9.080243,8964,-0.023652
9.080246,8965,0.020295
9.080249,8966,0.020295
9.080253,8967,-0.023652
9.080256,8968,-0.023652
9.080259,8969,0.020295
9.080262,8970,-0.023652
9.080266,8971,-0.023652
9.080269,8972,0.020295
9.080273,8973,0.020295
9.080276,8974,0.020295
9.080279,8975,0.020295
9.080282,8976,-0.023652
9.080285,8977,-0.023652
9.080289,8978,0.020295
9.080292,8979,0.020295
9.080296,8980,0.020295
9.080299,8981,-0.023652
9.080302,8982,-0.023652
9.080305,8983,-0.023652
9.080309,8984,0.020295
9.080312,8985,0.020295
9.142744,8986,0.020295
9.142763,8987,0.020295
9.142767,8988,-0.023652
9.142770,8989,0.020295
9.142773,8990,-0.023652
9.142776,8991,0.020295
9.142779,8992,0.020295
9.142781,8993,0.020295
9.142784,8994,0.020295
9.142786,8995,0.020295
9.142789,8996,0.020295
9.142791,8997,0.020295
9.142793,8998,0.020295
9.142796,8999,-0.023652
9.142798,9000,0.020295
9.142801,9001,0.020295
9.142803,9002,0.020295
9.142805,9003,-0.023652
9.142808,9004,-0.023652
9.142811,9005,0.020295
9.142813,9006,0.020295
9.142815,9007,-0.023652
9.142818,9008,-0.023652
9.142820,9009,-0.023652
9.142823,9010,0.020295
9.142825,9011,-0.023652
9.142827,9012,0.020295
9.142830,9013,0.020295
9.142832,9014,0.020295
9.142835,9015,0.020295
9.142837,9016,-0.023652
9.142840,9017,0.020295
9.142842,9018,-0.023652
9.142845,9019,-0.023652
9.142847,9020,0.020295
9.142850,9021,0.020295
9.142852,9022,-0.023652
9.142855,9023,-0.023652
9.142857,9024,0.020295
9.142859,9025,0.020295
9.142862,9026,0.020295
9.142864,9027,0.020295
9.142866,9028,-0.023652
9.142869,9029,-0.023652
9.142871,9030,-0.023652
9.142874,9031,0.020295
9.142876,9032,0.020295
9.142879,9033,0.020295
9.142881,9034,0.020295
9.142883,9035,0.020295
9.199138,9036,0.020295
9.199174,9037,0.020295
9.199179,9038,0.020295
9.199181,9039,0.020295
9.199184,9040,-0.023652
9.199187,9041,-0.023652
9.199190,9042,0.020295
9.199193,9043,-0.023652
9.199195,9044,0.020295
9.199198,9045,-0.023652
9.199200,9046,0.020295
9.199203,9047,-0.023652
9.199205,9048,0.020295
9.199208,9049,0.020295
9.199210,9050,0.020295
9.199213,9051,-0.023652
9.199215,9052,0.020295
9.199217,9053,0.020295
9.199220,9054,0.020295
9.199222,9055,0.020295
9.199224,9056,0.020295
9.199227,9057,0.020295
9.199229,9058,0.020295
9.199232,9059,0.020295
9.199234,9060,0.020295
9.199237,9061,0.020295
9.199239,9062,0.020295
9.199241,9063,0.020295
9.199244,9064,-0.023652
9.199246,9065,0.020295
9.199249,9066,-0.023652
9.199252,9067,-0.023652
9.199254,9068,-0.023652
9.199256,9069,0.020295
9.199259,9070,0.020295
9.199261,9071,0.020295
9.199263,9072,0.020295
9.199266,9073,0.020295
9.199268,9074,0.020295
9.199270,9075,-0.023652
9.199273,9076,0.020295
9.199275,9077,0.020295
9.199277,9078,-0.023652
9.199280,9079,-0.023652
9.199282,9080,-0.023652
9.199285,9081,-0.023652
9.199287,9082,0.020295
9.199290,9083,-0.023652
9.199292,9084,0.020295
9.199294,9085,0.020295
9.252237,9086,0.020295
9.252258,9087,0.020295
9.252259,9088,-0.023652
9.252261,9089,-0.023652
9.252263,9090,-0.023652
9.252264,9091,0.020295
9.252265,9092,-0.023652
9.252267,9093,-0.023652
9.252268,9094,0.020295
9.252269,9095,0.020295
9.252270,9096,0.020295
9.252271,9097,0.020295
9.252273,9098,-0.023652
9.252274,9099,-0.023652
9.252275,9100,0.020295
9.252277,9101,0.020295
9.252278,9102,0.020295
9.252279,9103,-0.023652
9.252280,9104,-0.023652
9.252281,9105,0.020295
9.252282,9106,0.020295
9.252283,9107,-0.023652
9.252285,9108,-0.023652
9.252286,9109,-0.023652
9.252287,9110,-0.023652
9.252288,9111,-0.023652
9.252289,9112,0.020295
9.252290,9113,0.020295
9.252291,9114,-0.023652
9.252292,9115,0.020295
9.252293,9116,0.020295
9.252294,9117,0.020295
9.252296,9118,-0.023652
9.252297,9119,-0.023652
9.252298,9120,0.020295
9.252299,9121,0.020295
9.252300,9122,0.020295
9.252301,9123,-0.023652
9.252302,9124,0.020295
9.252303,9125,0.020295
9.252304,9126,-0.023652
9.252305,9127,0.020295
9.252306,9128,-0.023652
9.252308,9129,-0.023652
9.252309,9130,0.020295
9.252310,9131,0.020295
9.252311,9132,0.020295
9.252312,9133,-0.023652
9.252313,9134,0.020295
9.252314,9135,-0.023652
9.252315,9136,0.020295
9.252316,9137,-0.023652
9.252317,9138,0.020295
9.252318,9139,-0.023652
9.252320,9140,0.020295
9.252321,9141,-0.023652
9.252322,9142,0.020295
9.252323,9143,-0.023652
9.252324,9144,0.020295
9.252325,9145,0.020295
9.252326,9146,-0.023652
9.252327,9147,0.020295
9.252328,9148,-0.023652
9.252329,9149,-0.023652
9.252330,9150,-0.023652
9.252332,9151,0.020295
9.252333,9152,0.020295
9.252334,9153,0.020295
9.252335,9154,0.020295
9.252336,9155,-0.023652
9.252337,9156,0.020295
9.252338,9157,0.020295
9.252339,9158,-0.023652
9.252340,9159,-0.023652
9.252341,9160,0.020295
9.252342,9161,-0.023652
9.252343,9162,0.020295
9.252344,9163,-0.023652
9.252346,9164,-0.023652
9.252347,9165,-0.023652
9.252348,9166,0.020295
9.252349,9167,-0.023652
9.252350,9168,0.020295
9.252351,9169,0.020295
9.252352,9170,-0.023652
9.252353,9171,-0.023652
9.252354,9172,-0.023652
9.252355,9173,0.020295
9.252356,9174,-0.023652
9.252357,9175,0.020295
9.252358,9176,0.020295
9.252360,9177,0.020295
9.252360,9178,-0.023652
9.252362,9179,-0.023652
9.252363,9180,-0.023652
9.252364,9181,-0.023652
9.252365,9182,0.020295
9.252366,9183,0.020295
9.252367,9184,0.020295
9.252368,9185,-0.023652
9.316302,9186,0.020295
9.316368,9187,-0.023652
9.316373,9188,-0.023652
9.316377,9189,-0.023652
9.316380,9190,0.020295
9.316382,9191,-0.023652
9.316385,9192,-0.023652
9.316388,9193,-0.023652
9.316390,9194,0.020295
9.316393,9195,0.020295
9.316395,9196,0.020295
9.316397,9197,0.020295
9.316400,9198,0.020295
9.316402,9199,0.020295
9.316405,9200,-0.023652
9.316407,9201,-0.023652
9.316410,9202,0.020295
9.316412,9203,-0.023652
9.316415,9204,-0.023652
9.316417,9205,0.020295
9.316420,9206,-0.023652
9.316422,9207,-0.023652
9.316425,9208,-0.023652
9.316427,9209,-0.023652
9.316429,9210,-0.023652
9.316432,9211,0.020295
9.316435,9212,-0.023652
9.316437,9213,-0.023652
9.316439,9214,-0.023652
9.316442,9215,0.020295
9.316444,9216,0.020295
9.316447,9217,0.020295
9.316449,9218,0.020295
9.316452,9219,0.020295
9.316454,9220,0.020295
9.316457,9221,0.020295
9.316459,9222,-0.023652
9.316462,9223,-0.023652
9.316464,9224,0.020295
9.316467,9225,0.020295
9.316469,9226,0.020295
9.316472,9227,0.020295
9.316474,9228,-0.023652
9.316476,9229,-0.023652
9.316479,9230,-0.023652
9.316481,9231,-0.023652
9.316484,9232,-0.023652
9.316486,9233,0.020295
9.316489,9234,0.020295
9.316491,9235,0.020295
9.382565,9236,0.020295
9.382634,9237,0.020295
9.382639,9238,-0.023652
9.382642,9239,0.020295
9.382645,9240,0.020295
9.382648,9241,0.020295
9.382651,9242,-0.023652
9.382654,9243,0.020295
9.382657,9244,0.020295
9.382660,9245,-0.023652
9.382663,9246,0.020295
9.382666,9247,0.020295
9.382668,9248,-0.023652
9.382671,9249,-0.023652
9.382674,9250,-0.023652
9.382677,9251,0.020295
9.382679,9252,-0.023652
9.382682,9253,0.020295
9.382684,9254,0.020295
9.382687,9255,0.020295
9.382689,9256,0.020295
9.382692,9257,0.020295
9.382695,9258,-0.023652
9.382698,9259,0.020295
9.382700,9260,0.020295
9.382702,9261,0.020295
9.382705,9262,0.020295
9.382708,9263,-0.023652
9.382710,9264,-0.023652
9.382713,9265,-0.023652
9.382715,9266,0.020295
9.382718,9267,-0.023652
9.382720,9268,-0.023652
9.382723,9269,-0.023652
9.382725,9270,-0.023652
9.382728,9271,-0.023652
9.382730,9272,-0.023652
9.382733,9273,0.020295
9.382735,9274,0.020295
9.382737,9275,-0.023652
9.382740,9276,0.020295
9.382743,9277,-0.023652
9.382745,9278,-0.023652
9.382748,9279,-0.023652
9.382750,9280,0.020295
9.382752,9281,0.020295
9.382755,9282,0.020295
9.382757,9283,0.020295
9.382759,9284,0.020295
9.382854,9285,-0.023652
9.448218,9286,-0.023652
9.448274,9287,-0.023652
9.448279,9288,-0.023652
9.448282,9289,-0.023652
9.448285,9290,-0.023652
9.448287,9291,0.020295
9.448291,9292,0.020295
9.448293,9293,0.020295
9.448296,9294,0.020295
9.448299,9295,-0.023652
9.448302,9296,0.020295
9.448305,9297,0.020295
9.448308,9298,0.020295
9.448310,9299,-0.023652
9.448313,9300,0.020295
9.448316,9301,-0.023652
9.448318,9302,-0.023652
9.448321,9303,-0.023652
9.448324,9304,0.020295
9.448327,9305,-0.023652
9.448330,9306,0.020295
9.448332,9307,-0.023652
9.448335,9308,-0.023652
9.448337,9309,-0.023652
9.448340,9310,-0.023652
9.448342,9311,-0.023652
9.448344,9312,0.020295
9.448347,9313,-0.023652
9.448349,9314,0.020295
9.448352,9315,-0.023652
9.448355,9316,0.020295
9.448357,9317,0.020295
9.448360,9318,-0.023652
9.448362,9319,0.020295
9.448365,9320,0.020295
9.448367,9321,-0.023652
9.448370,9322,0.020295
9.448372,9323,-0.023652
9.448374,9324,-0.023652
9.448377,9325,0.020295
9.448379,9326,-0.023652
9.448382,9327,0.020295
9.448384,9328,-0.023652
9.448387,9329,-0.023652
9.448389,9330,-0.023652
9.448391,9331,-0.023652
9.448394,9332,-0.023652
9.448396,9333,0.020295
9.448399,9334,-0.023652
9.448401,9335,0.020295
9.513180,9336,0.020295
9.513240,9337,0.020295
9.513245,9338,0.020295
9.513248,9339,0.020295
9.513251,9340,-0.023652
9.513254,9341,0.020295
9.513257,9342,0.020295
9.513259,9343,-0.023652
9.513262,9344,-0.023652
9.513265,9345,-0.023652
9.513268,9346,0.020295
9.513271,9347,0.020295
9.513274,9348,0.020295
9.513276,9349,-0.023652
9.513279,9350,-0.023652
9.513282,9351,-0.023652
9.513284,9352,-0.023652
9.513286,9353,0.020295
9.513289,9354,0.020295
9.513291,9355,0.020295
9.513294,9356,0.020295
9.513296,9357,-0.023652
9.513299,9358,0.020295
9.513302,9359,0.020295
9.513304,9360,-0.023652
9.513307,9361,0.020295
9.513309,9362,0.020295
9.513311,9363,-0.023652
9.513314,9364,-0.023652
9.513317,9365,0.020295
9.513320,9366,0.020295
9.513322,9367,-0.023652
9.513325,9368,0.020295
9.513328,9369,0.020295
9.513330,9370,-0.023652
9.513332,9371,0.020295
9.513335,9372,0.020295
9.513337,9373,0.020295
9.513340,9374,0.020295
9.513343,9375,0.020295
9.513345,9376,0.020295
9.513347,9377,0.020295
9.513349,9378,-0.023652
9.513352,9379,0.020295
9.513354,9380,-0.023652
9.513357,9381,-0.023652
9.513359,9382,0.020295
9.513361,9383,0.020295
9.513364,9384,-0.023652
9.513366,9385,-0.023652
9.579459,9386,-0.023652
9.579516,9387,-0.023652
9.579520,9388,-0.023652
9.579524,9389,-0.023652
9.579527,9390,-0.023652
9.579530,9391,0.020295
9.579533,9392,-0.023652
9.579536,9393,-0.023652
9.579539,9394,-0.023652
9.579541,9395,-0.023652
9.579544,9396,0.020295
9.579546,9397,0.020295
9.579549,9398,0.020295
9.579551,9399,-0.023652
9.579554,9400,-0.023652
9.579557,9401,0.020295
9.579559,9402,0.020295
9.579562,9403,0.020295
9.579564,9404,0.020295
9.579567,9405,-0.023652
9.579569,9406,-0.023652
9.579572,9407,0.020295
9.579574,9408,-0.023652
9.579577,9409,-0.023652
9.579579,9410,-0.023652
9.579582,9411,-0.023652
9.579584,9412,0.020295
9.579587,9413,0.020295
9.579589,9414,0.020295
9.579591,9415,-0.023652
9.579594,9416,0.020295
9.579596,9417,0.020295
9.579598,9418,0.020295
9.579601,9419,0.020295
9.579603,9420,0.020295
9.579605,9421,0.020295
9.579608,9422,0.020295
9.579610,9423,-0.023652
9.579613,9424,0.020295
9.579615,9425,0.020295
9.579617,9426,-0.023652
9.579620,9427,-0.023652
9.579622,9428,-0.023652
9.579625,9429,0.020295
9.579628,9430,-0.023652
9.579630,9431,0.020295
9.579632,9432,-0.023652
9.579635,9433,0.020295
9.579637,9434,0.020295
9.579639,9435,0.020295
9.579642,9436,0.020295
9.579644,9437,-0.023652
9.579647,9438,-0.023652
9.579649,9439,-0.023652
9.579652,9440,-0.023652
9.579654,9441,0.020295
9.579657,9442,-0.023652
9.579659,9443,0.020295
9.579662,9444,0.020295
9.579664,9445,0.020295
9.579666,9446,0.020295
9.579669,9447,0.020295
9.579671,9448,-0.023652
9.579673,9449,0.020295
9.579675,9450,0.020295
9.579678,9451,-0.023652
9.579680,9452,0.020295
9.579683,9453,0.020295
9.579685,9454,0.020295
9.579687,9455,0.020295
9.579690,9456,0.020295
9.579692,9457,0.020295
9.579694,9458,0.020295
9.579697,9459,-0.023652
9.579699,9460,0.020295
9.579701,9461,0.020295
9.579704,9462,-0.023652
9.579706,9463,-0.023652
9.579708,9464,0.020295
9.579711,9465,0.020295
9.579713,9466,-0.023652
9.579716,9467,-0.023652
9.579718,9468,-0.023652
9.579721,9469,-0.023652
9.579723,9470,-0.023652
9.579725,9471,0.020295
9.579728,9472,-0.023652
9.579730,9473,-0.023652
9.579732,9474,0.020295
9.579735,9475,0.020295
9.579737,9476,-0.023652
9.579740,9477,0.020295
9.579742,9478,0.020295
9.579744,9479,-0.023652
9.579747,9480,0.020295
9.579749,9481,-0.023652
9.579752,9482,-0.023652
9.579754,9483,-0.023652
9.579757,9484,-0.023652
9.579759,9485,0.020295
9.644483,9486,0.020295
9.644508,9487,-0.023652
9.644510,9488,0.020295
9.644512,9489,-0.023652
9.644514,9490,0.020295
9.644516,9491,0.020295
9.644518,9492,0.020295
9.644519,9493,0.020295
9.644521,9494,0.020295
9.644523,9495,-0.023652
9.644524,9496,0.020295
9.644526,9497,0.020295
9.644528,9498,0.020295
9.644529,9499,-0.023652
9.644531,9500,-0.023652
9.644533,9501,0.020295
9.644534,9502,0.020295
9.644536,9503,0.020295
9.644538,9504,-0.023652
9.644540,9505,0.020295
9.644541,9506,0.020295
9.644543,9507,0.020295
9.644544,9508,-0.023652
9.644546,9509,0.020295
9.644547,9510,-0.023652
9.644549,9511,-0.023652
9.644551,9512,0.020295
9.644552,9513,-0.023652
9.644554,9514,0.020295
9.644555,9515,0.020295
9.644557,9516,0.020295
9.644559,9517,-0.023652
9.644560,9518,-0.023652
9.644562,9519,-0.023652
9.644563,9520,-0.023652
9.644565,9521,-0.023652
9.644566,9522,-0.023652
9.644568,9523,-0.023652
9.644569,9524,0.020295
9.644571,9525,-0.023652
9.644573,9526,-0.023652
9.644574,9527,-0.023652
9.644576,9528,-0.023652
9.644577,9529,-0.023652
9.644579,9530,-0.023652
9.644581,9531,-0.023652
9.644584,9532,-0.023652
9.644586,9533,0.020295
9.644587,9534,0.020295
9.644589,9535,0.020295
9.698962,9536,-0.023652
9.698981,9537,0.020295
9.698985,9538,-0.023652
9.698989,9539,0.020295
9.698993,9540,0.020295
9.698997,9541,-0.023652
9.699001,9542,0.020295
9.699004,9543,-0.023652
9.699012,9544,-0.023652
9.699016,9545,-0.023652
9.699020,9546,-0.023652
9.699023,9547,-0.023652
9.699027,9548,-0.023652
9.699031,9549,0.020295
9.699034,9550,0.020295
9.699038,9551,0.020295
9.699041,9552,0.020295
9.699045,9553,0.020295
9.699048,9554,0.020295
9.699052,9555,0.020295
9.699055,9556,-0.023652
9.699059,9557,-0.023652
9.699063,9558,0.020295
9.699066,9559,-0.023652
9.699069,9560,0.020295
9.699073,9561,-0.023652
9.699076,9562,0.020295
9.699080,9563,-0.023652
9.699083,9564,-0.023652
9.699087,9565,-0.023652
9.699091,9566,-0.023652
9.699094,9567,-0.023652
9.699098,9568,0.020295
9.699102,9569,-0.023652
9.699105,9570,-0.023652
9.699109,9571,0.020295
9.699112,9572,0.020295
9.699115,9573,-0.023652
9.699119,9574,0.020295
9.699122,9575,0.020295
9.699126,9576,0.020295
9.699129,9577,0.020295
9.699133,9578,-0.023652
9.699137,9579,-0.023652
9.699141,9580,0.020295
9.699144,9581,-0.023652
9.699148,9582,-0.023652
9.699151,9583,0.020295
9.699154,9584,-0.023652
9.699156,9585,-0.023652
9.764420,9586,-0.023652
9.764479,9587,0.020295
9.764485,9588,-0.023652
9.764488,9589,-0.023652
9.764492,9590,-0.023652
9.764495,9591,-0.023652
9.764497,9592,0.020295
9.764501,9593,0.020295
9.764503,9594,-0.023652
9.764506,9595,-0.023652
9.764508,9596,0.020295
9.764511,9597,-0.023652
9.764513,9598,0.020295
9.764516,9599,-0.023652
9.764518,9600,0.020295
9.764521,9601,0.020295
9.764524,9602,0.020295
9.764527,9603,0.020295
9.764529,9604,0.020295
9.764531,9605,-0.023652
9.764534,9606,-0.023652
9.764537,9607,0.020295
9.764539,9608,-0.023652
9.764541,9609,0.020295
9.764544,9610,0.020295
9.764546,9611,-0.023652
9.764549,9612,0.020295
9.764551,9613,-0.023652
9.764554,9614,0.020295
9.764557,9615,0.020295
9.764559,9616,0.020295
9.764561,9617,0.020295
9.764564,9618,-0.023652
9.764566,9619,-0.023652
9.764569,9620,0.020295
9.764571,9621,0.020295
9.764573,9622,0.020295
9.764576,9623,0.020295
9.764578,9624,0.020295
9.764580,9625,-0.023652
9.764583,9626,-0.023652
9.764585,9627,-0.023652
9.764588,9628,0.020295
9.764590,9629,0.020295
9.764592,9630,0.020295
9.764594,9631,0.020295
9.764597,9632,0.020295
9.764599,9633,-0.023652
9.764602,9634,0.020295
9.764604,9635,-0.023652
9.764607,9636,-0.023652
9.764609,9637,0.020295
9.764612,9638,-0.023652
9.764614,9639,-0.023652
9.764617,9640,-0.023652
9.764619,9641,-0.023652
9.764621,9642,-0.023652
9.764624,9643,-0.023652
9.764626,9644,-0.023652
9.764629,9645,0.020295
9.764631,9646,-0.023652
9.764634,9647,-0.023652
9.764636,9648,-0.023652
9.764638,9649,0.020295
9.764641,9650,0.020295
9.764643,9651,-0.023652
9.764646,9652,-0.023652
9.764648,9653,0.020295
9.764651,9654,0.020295
9.764653,9655,0.020295
9.764655,9656,0.020295
9.764658,9657,0.020295
9.764660,9658,0.020295
9.764663,9659,-0.023652
9.764665,9660,0.020295
9.764667,9661,0.020295
9.764670,9662,-0.023652
9.764672,9663,-0.023652
9.764674,9664,0.020295
9.764677,9665,0.020295
9.764679,9666,-0.023652
9.764681,9667,-0.023652
9.764684,9668,-0.023652
9.764686,9669,-0.023652
9.764689,9670,0.020295
9.764691,9671,-0.023652
9.764693,9672,-0.023652
9.764696,9673,-0.023652
9.764698,9674,0.020295
9.764700,9675,0.020295
9.764703,9676,0.020295
9.764705,9677,0.020295
9.764707,9678,0.020295
9.764710,9679,0.020295
9.764712,9680,0.020295
9.764714,9681,0.020295
9.764717,9682,0.020295
9.764719,9683,-0.023652
9.764721,9684,0.020295
9.764724,9685,0.020295
9.830241,9686,0.020295
9.830291,9687,0.020295
9.830296,9688,-0.023652
9.830299,9689,0.020295
9.830302,9690,0.020295
9.830305,9691,-0.023652
9.830308,9692,-0.023652
9.830311,9693,0.020295
9.830313,9694,0.020295
9.830316,9695,0.020295
9.830318,9696,-0.023652
9.830321,9697,0.020295
9.830324,9698,0.020295
9.830326,9699,0.020295
9.830328,9700,0.020295
9.830331,9701,-0.023652
9.830334,9702,0.020295
9.830336,9703,0.020295
9.830338,9704,-0.023652
9.830341,9705,-0.023652
9.830344,9706,-0.023652
9.830347,9707,0.020295
9.830349,9708,-0.023652
9.830352,9709,-0.023652
9.830354,9710,-0.023652
9.830357,9711,-0.023652
9.830359,9712,0.020295
9.830362,9713,0.020295
9.830364,9714,-0.023652
9.830367,9715,0.020295
9.830369,9716,0.020295
9.830372,9717,0.020295
9.830374,9718,-0.023652
9.830377,9719,0.020295
9.830379,9720,0.020295
9.830381,9721,-0.023652
9.830384,9722,0.020295
9.830386,9723,0.020295
9.830389,9724,0.020295
9.830391,9725,0.020295
9.830394,9726,-0.023652
9.830396,9727,0.020295
9.830398,9728,-0.023652
9.830401,9729,0.020295
9.830403,9730,0.020295
9.830405,9731,-0.023652
9.830408,9732,-0.023652
9.830411,9733,0.020295
9.830413,9734,0.020295
9.830416,9735,0.020295
9.896387,9736,0.020295
9.896440,9737,0.020295
9.896444,9738,0.020295
9.896447,9739,0.020295
9.896450,9740,0.020295
9.896453,9741,0.020295
9.896456,9742,-0.023652
9.896459,9743,-0.023652
9.896463,9744,0.020295
9.896465,9745,-0.023652
9.896468,9746,0.020295
9.896471,9747,0.020295
9.896473,9748,0.020295
9.896475,9749,0.020295
9.896478,9750,-0.023652
9.896481,9751,0.020295
9.896483,9752,0.020295
9.896486,9753,-0.023652
9.896488,9754,0.020295
9.896491,9755,0.020295
9.896493,9756,0.020295
9.896496,9757,-0.023652
9.896498,9758,0.020295
9.896501,9759,-0.023652
9.896504,9760,0.020295
9.896506,9761,0.020295
9.896509,9762,-0.023652
9.896511,9763,-0.023652
9.896514,9764,-0.023652
9.896517,9765,0.020295
9.896519,9766,0.020295
9.896522,9767,-0.023652
9.896524,9768,-0.023652
9.896527,9769,-0.023652
9.896529,9770,-0.023652
9.896531,9771,0.020295
9.896534,9772,-0.023652
9.896537,9773,0.020295
9.896539,9774,0.020295
9.896542,9775,0.020295
9.896544,9776,0.020295
9.896547,9777,0.020295
9.896549,9778,-0.023652
9.896552,9779,0.020295
9.896554,9780,0.020295
9.896556,9781,0.020295
9.896559,9782,-0.023652
9.896561,9783,-0.023652
9.896563,9784,-0.023652
9.896566,9785,0.020295
9.961977,9786,0.020295
9.962032,9787,0.020295
9.962037,9788,-0.023652
9.962040,9789,-0.023652
9.962044,9790,0.020295
9.962046,9791,-0.023652
9.962049,9792,0.020295
9.962052,9793,-0.023652
9.962055,9794,0.020295
9.962058,9795,0.020295
9.962060,9796,0.020295
9.962063,9797,0.020295
9.962065,9798,-0.023652
9.962068,9799,0.020295
9.962070,9800,0.020295
9.962073,9801,0.020295
9.962075,9802,-0.023652
9.962078,9803,0.020295
9.962080,9804,0.020295
9.962083,9805,-0.023652
9.962085,9806,-0.023652
9.962088,9807,0.020295
9.962090,9808,-0.023652
9.962093,9809,0.020295
9.962095,9810,-0.023652
9.962098,9811,-0.023652
9.962101,9812,0.020295
9.962103,9813,0.020295
9.962106,9814,0.020295
9.962108,9815,-0.023652
9.962110,9816,0.020295
9.962113,9817,0.020295
9.962115,9818,0.020295
9.962117,9819,0.020295
9.962120,9820,0.020295
9.962122,9821,0.020295
9.962124,9822,0.020295
9.962127,9823,0.020295
9.962129,9824,-0.023652
9.962132,9825,0.020295
9.962134,9826,-0.023652
9.962137,9827,0.020295
9.962139,9828,-0.023652
9.962142,9829,-0.023652
9.962144,9830,0.020295
9.962147,9831,0.020295
9.962149,9832,0.020295
9.962152,9833,0.020295
9.962154,9834,0.020295
9.962156,9835,0.020295
10.027591,9836,-0.023652
10.027630,9837,0.020295
10.027634,9838,-0.023652
10.027637,9839,-0.023652
10.027641,9840,0.020295
10.027644,9841,0.020295
10.027647,9842,0.020295
10.027650,9843,0.020295
10.027653,9844,-0.023652
10.027656,9845,0.020295
10.027659,9846,-0.023652
10.027662,9847,-0.023652
10.027665,9848,0.020295
10.027667,9849,0.020295
10.027670,9850,-0.023652
10.027673,9851,-0.023652
10.027676,9852,-0.023652
10.027679,9853,0.020295
10.027682,9854,0.020295
10.027685,9855,-0.023652
10.027688,9856,-0.023652
10.027691,9857,-0.023652
10.027693,9858,-0.023652
10.027696,9859,0.020295
10.027699,9860,0.020295
10.027702,9861,0.020295
10.027705,9862,0.020295
10.027707,9863,-0.023652
10.027710,9864,-0.023652
10.027713,9865,-0.023652
10.027716,9866,0.020295
10.027719,9867,-0.023652
10.027721,9868,-0.023652
10.027724,9869,0.020295
10.027727,9870,-0.023652
10.027730,9871,-0.023652
10.027733,9872,-0.023652
10.027736,9873,0.020295
10.027738,9874,0.020295
10.027741,9875,0.020295
10.027744,9876,-0.023652
10.027747,9877,-0.023652
10.027750,9878,0.020295
10.027752,9879,0.020295
10.027755,9880,0.020295
10.027758,9881,-0.023652
10.027760,9882,-0.023652
10.027764,9883,-0.023652
10.027766,9884,0.020295
10.027769,9885,0.020295
10.027772,9886,0.020295
10.027775,9887,0.020295
10.027777,9888,-0.023652
10.027780,9889,-0.023652
10.027783,9890,-0.023652
10.027786,9891,-0.023652
10.027789,9892,0.020295
10.027792,9893,0.020295
10.027794,9894,0.020295
10.027797,9895,0.020295
10.027800,9896,0.020295
10.027803,9897,-0.023652
10.027805,9898,0.020295
10.027808,9899,0.020295
10.027811,9900,-0.023652
10.027814,9901,-0.023652
10.027817,9902,-0.023652
10.027819,9903,0.020295
10.027822,9904,0.020295
10.027825,9905,0.020295
10.027828,9906,-0.023652
10.027830,9907,-0.023652
10.027833,9908,0.020295
10.027836,9909,-0.023652
10.027839,9910,0.020295
10.027841,9911,-0.023652
10.027844,9912,0.020295
10.027847,9913,0.020295
10.027849,9914,0.020295
10.027852,9915,0.020295
10.027855,9916,0.020295
10.027857,9917,-0.023652
10.027860,9918,0.020295
10.027863,9919,0.020295
10.027866,9920,0.020295
10.027869,9921,0.020295
10.027872,9922,-0.023652
10.027874,9923,-0.023652
10.027877,9924,0.020295
10.027880,9925,0.020295
10.027883,9926,-0.023652
10.027886,9927,-0.023652
10.027888,9928,-0.023652
10.027891,9929,0.020295
10.027894,9930,-0.023652
10.027897,9931,-0.023652
10.027900,9932,0.020295
10.027902,9933,0.020295
10.027905,9934,0.020295
10.027908,9935,0.020295
10.093200,9936,0.020295
10.093243,9937,-0.023652
10.093247,9938,-0.023652
10.093251,9939,-0.023652
10.093254,9940,0.020295
10.093257,9941,-0.023652
10.093260,9942,-0.023652
10.093263,9943,-0.023652
10.093266,9944,0.020295
10.093269,9945,-0.023652
10.093272,9946,-0.023652
10.093275,9947,0.020295
10.093278,9948,0.020295
10.093281,9949,0.020295
10.093284,9950,-0.023652
10.093287,9951,0.020295
10.093290,9952,-0.023652
10.093293,9953,0.020295
10.093296,9954,0.020295
10.093299,9955,0.020295
10.093302,9956,0.020295
10.093304,9957,-0.023652
10.093307,9958,-0.023652
10.093310,9959,0.020295
10.093313,9960,0.020295
10.093316,9961,-0.023652
10.093319,9962,-0.023652
10.093322,9963,-0.023652
10.093325,9964,0.020295
10.093328,9965,0.020295
10.093331,9966,0.020295
10.093333,9967,0.020295
10.093336,9968,0.020295
10.093339,9969,0.020295
10.093342,9970,-0.023652
10.093345,9971,0.020295
10.093347,9972,-0.023652
10.093350,9973,0.020295
10.093353,9974,-0.023652
10.093356,9975,-0.023652
10.093359,9976,0.020295
10.093362,9977,-0.023652
10.093365,9978,0.020295
10.093367,9979,0.020295
10.093370,9980,0.020295
10.093373,9981,0.020295
10.093375,9982,-0.023652
10.093378,9983,0.020295
10.093381,9984,0.020295
10.093384,9985,0.020295
